Volume_pre,Volume_post,Distance,Nearest Label,Volume_diff,isFusion,Frame,Label
0.0190454359247127,0.0,28.622543562723422,7.0,2.24418719979532,1.0,0.0,1.0
0.0317423932078546,0.0,29.693265229677927,12.0,2.24418719979532,1.0,0.0,1.0
0.03491663252864,0.0253939145662836,15.019821614197497,11.0,2.24418719979532,1.0,0.0,1.0
0.0857044616612074,0.0507878291325673,15.546778829120568,32.0,2.24418719979532,1.0,0.0,1.0
0.6031054709492377,0.5300979665711721,19.85757668499744,36.0,2.24418719979532,1.0,0.0,1.0
0.0507878291325673,0.0,15.2956539987671,37.0,8.008605806341716,1.0,6.0,1.0
0.1936285985679131,0.03491663252864,25.073908487875823,30.0,8.008605806341716,1.0,6.0,1.0
0.0,0.041265111170211,31.388008866312568,3.0,-1.2792184462765412,0.0,11.0,1.0
0.0190454359247127,0.0,9.86154146165801,32.0,2.021990447340343,1.0,13.0,1.0
0.0190454359247127,0.0,17.95132307101624,37.0,2.021990447340343,1.0,13.0,1.0
0.0222196752454982,0.0190454359247127,28.460498941515414,3.0,2.021990447340343,1.0,13.0,1.0
2.5870050464401504,2.1489600201717565,13.161740194923988,0.0,2.021990447340343,1.0,13.0,1.0
0.0190454359247127,0.0253939145662836,19.03943276465977,30.0,-1.339528993371463,0.0,15.0,1.0
0.0857044616612074,0.1015756582651347,12.26856055635705,41.0,-1.339528993371463,0.0,15.0,1.0
0.1237953335106329,0.15236348739770209,16.347782724271816,34.0,-1.339528993371463,0.0,15.0,1.0
0.0,0.3110754534369752,4.219662967057381,37.0,-1.339528993371463,0.0,15.0,1.0
2.1489600201717565,3.5583222786005013,24.86463351831271,0.0,-1.339528993371463,0.0,15.0,1.0
0.0,0.03491663252864,19.939785388070597,3.0,-1.6093393356382322,0.0,16.0,1.0
0.0444393504909964,0.0603105470949237,26.242424048563013,25.0,-1.6093393356382322,0.0,16.0,1.0
1.0030596253682058,1.012582343330562,13.667233323149148,36.0,-1.6093393356382322,0.0,16.0,1.0
3.5583222786005013,3.9011401252453313,21.61643837830981,0.0,-1.6093393356382322,0.0,16.0,1.0
0.2539391456628369,0.1809316412847713,59.054411805715304,18.0,2.355285576022812,1.0,21.0,1.0
1.6950437972994363,0.03491663252864,16.11003531799196,19.0,2.355285576022812,1.0,21.0,1.0
0.0,0.03491663252864,12.083045973594572,37.0,-9.827444937151789,0.0,26.0,1.0
0.0380908718494255,1.2062109418984752,27.727884897824957,19.0,-9.827444937151789,0.0,26.0,1.0
1.2062109418984752,1.1649458307282643,27.727884897824957,19.0,8.529181054950534,1.0,26.0,1.0
0.0222196752454982,0.0380908718494255,22.20923231451281,19.0,-8.599014320007814,0.0,31.0,1.0
0.0285681538870691,0.0666590257364947,17.132271864204856,37.0,-8.599014320007814,0.0,31.0,1.0
0.0,0.4380450262683937,11.444929004409927,30.0,-8.599014320007814,0.0,31.0,1.0
0.0,0.2285452310965532,8.760982966018389,30.0,-8.89421857684087,0.0,38.0,1.0
0.1142726155482765,0.3174239320785461,7.516648189186454,19.0,-7.4912047970536975,0.0,44.0,1.0
0.4094768723813246,0.0476135898117819,22.26248620819206,37.0,7.262659565957144,1.0,48.0,1.0
0.2444164277004805,0.2444164277004804,15.386409881460663,19.0,7.500727515016038,1.0,67.0,1.0
0.4253480689852518,0.0,22.518280487527164,37.0,7.500727515016038,1.0,67.0,1.0
0.2444164277004804,0.3269466500409025,26.598858867497857,19.0,-7.618174369885104,0.0,69.0,1.0
0.0,0.4888328554009611,24.038365530381608,37.0,-7.618174369885104,0.0,69.0,1.0
0.3682117612111135,0.0,9.605779714108792,19.0,8.859301944312215,1.0,70.0,1.0
0.4761358981178192,0.0,23.04463302183635,37.0,8.859301944312215,1.0,70.0,1.0
0.0,0.3491663252864007,9.420598021098481,19.0,-8.481567465138745,0.0,72.0,1.0
0.0,0.3904314364566117,13.608622015672417,37.0,-8.481567465138745,0.0,72.0,1.0
0.3713860005318989,0.2793330602291206,5.576009512740081,30.0,1.2855669249181148,1.0,77.0,1.0
3.4027845518820143,2.58700504644015,12.47180710631569,0.0,1.2855669249181148,1.0,77.0,1.0
0.4761358981178192,0.053962068453352705,5.411764705882376,19.0,6.808743343084814,1.0,94.0,1.0
0.117446854869062,0.3459920859656152,22.051077071199945,30.0,-7.821325686415381,0.0,97.0,1.0
0.0,0.3555148039279717,36.215047364489884,37.0,-7.821325686415381,0.0,97.0,1.0
0.3555148039279717,0.0,36.215047364489884,37.0,7.453113925204271,1.0,97.0,1.0
0.3428178466448298,0.0,7.772804847601831,30.0,1.44745313027817,1.0,99.0,1.0
0.4666131801554629,0.4316965476268228,11.542918803377445,19.0,1.44745313027817,1.0,99.0,1.0
8.767249004009443,8.303810063174765,1.5811388300841898,0.0,1.44745313027817,1.0,99.0,1.0
0.2825072995499061,0.0222196752454982,30.0311247034333,37.0,6.805569103764022,1.0,100.0,1.0
0.0190454359247127,0.0730075043780656,29.617377262627844,37.0,-8.386340285515189,0.0,115.0,1.0
0.0444393504909964,0.0,12.103718436910205,27.0,5.07878291325674,1.0,1.0,4.0
0.1745831626432004,0.0285681538870691,41.246788004172615,10.0,5.07878291325674,1.0,1.0,4.0
4.501071356873784,0.08570446166120721,29.21044333795706,23.0,5.07878291325674,1.0,1.0,4.0
0.0190454359247127,0.0,9.12414379544733,9.0,1.4633243268820948,1.0,3.0,4.0
0.0539620684533528,0.0253939145662836,11.505978587351631,20.0,1.4633243268820948,1.0,3.0,4.0
0.2698103422667641,0.0190454359247127,5.18053569995461,10.0,1.4633243268820948,1.0,3.0,4.0
1.5204606346562362,1.4728470448444542,24.702392718746452,55.0,1.4633243268820948,1.0,3.0,4.0
2.3076719862110306,1.75535434439436,12.996441388907895,28.0,1.4633243268820948,1.0,3.0,4.0
1.75535434439436,2.460035473608733,60.17187741229517,28.0,-4.993078451595528,0.0,5.0,4.0
0.10157565826513451,4.40584417725022,51.56064390598706,23.0,-4.993078451595528,0.0,5.0,4.0
1.780748258960644,0.0,36.62369973472381,28.0,3.583716193166792,1.0,26.0,4.0
0.0,0.0857044616612074,45.79638241144501,10.0,-3.098057577086612,0.0,28.0,4.0
0.0,1.7902709769230003,44.01846733837832,28.0,-3.098057577086612,0.0,28.0,4.0
0.0857044616612074,0.0,45.79638241144501,10.0,3.158368124181532,1.0,28.0,4.0
0.15236348739770209,0.0888787009819929,18.062391868188442,34.0,1.7331346691488618,1.0,15.0,19.0
30.44095508633258,28.831615750694347,23.96711996686652,1.0,1.7331346691488618,1.0,15.0,19.0
1.415710737070316,1.4950667200899526,24.972299239028544,48.0,-4.4153668952125775,0.0,2.0,23.0
0.8506961379705036,0.7586431976677253,12.5,66.0,4.304268518985086,1.0,4.0,23.0
1.4791955234860252,1.466498566202883,28.182441342083905,48.0,4.304268518985086,1.0,4.0,23.0
0.1428407694353457,0.1301438121522039,22.060612350611496,44.0,1.749005865752789,1.0,17.0,23.0
1.1871655059737625,0.0952271796235637,3.3541019662496847,66.0,1.749005865752789,1.0,17.0,23.0
1.987073814811699,0.111098376227491,11.604672291905446,28.0,1.749005865752789,1.0,17.0,23.0
0.1587119660392731,0.1714089233224149,10.154972023108815,44.0,-3.4599208596561524,0.0,25.0,23.0
0.0317423932078546,0.3872571971358262,8.51941056066993,48.0,-3.4599208596561524,0.0,25.0,23.0
2.558436892553082,2.8377699527822022,8.32165848854662,55.0,-3.4599208596561524,0.0,25.0,23.0
0.0,2.885383542593985,20.31955481100813,28.0,-3.4599208596561524,0.0,25.0,23.0
0.0190454359247127,0.0,6.18465843842649,44.0,5.08513139189831,1.0,26.0,23.0
0.1301438121522039,0.0190454359247127,15.714303097250042,48.0,5.08513139189831,1.0,26.0,23.0
1.780748258960644,0.0,23.19289450502543,28.0,5.08513139189831,1.0,26.0,23.0
0.0,0.0793559830196365,9.940623722885842,44.0,-5.250191836579154,0.0,28.0,23.0
0.0,1.7902709769230003,9.62157052472474,28.0,-5.250191836579154,0.0,28.0,23.0
0.0793559830196365,0.0,9.940623722885842,44.0,2.041035883265052,1.0,28.0,23.0
0.0,2.2727553536823906,11.516933359929595,48.0,-2.3013235075694602,0.0,31.0,23.0
0.0,0.0539620684533528,7.142128534267634,44.0,-2.7965048416119918,0.0,42.0,23.0
12.592207385555927,12.639820975367709,6.859270134413673,4.0,-1.875975438584208,0.0,18.0,28.0
0.1079241369067057,0.0190454359247127,7.946675655847437,44.0,1.4823697628068102,1.0,53.0,28.0
0.0190454359247127,0.0571363077741383,7.2138840756412055,44.0,-1.622036292921371,0.0,55.0,28.0
5.015298126841029,5.043866280728098,24.946388797771675,23.0,-1.4538016089197416,0.0,8.0,48.0
2.126740344926259,1.8632784813010654,25.315366254412375,0.0,1.4442788909573852,1.0,11.0,48.0
1.1109837622749115,0.0888787009819928,8.88992302334204,55.0,2.279103832323962,1.0,53.0,48.0
0.0888787009819928,0.1523634873977021,11.5854501962591,55.0,-1.3554001899753922,0.0,55.0,48.0
0.0,1.2220821385024028,5.457630487825992,55.0,-1.2760442069557556,0.0,63.0,48.0
0.1047498975859202,0.0190454359247127,5.575181129622526,55.0,1.2696957283141845,1.0,70.0,48.0
0.34599208596561515,0.3110754534369752,28.385260113124733,28.0,1.2696957283141845,1.0,70.0,48.0
0.2031513165302695,0.17458316264320028,40.550592988462924,31.0,3.7836932703762702,1.0,31.0,52.0
7.684833395621602,4.618518211742846,30.917326540099964,58.0,3.7836932703762702,1.0,31.0,52.0
0.17458316264320028,0.1777574019639857,34.18515759799858,31.0,-3.780519031055485,0.0,33.0,52.0
0.27298458158754946,0.0,3.127499000799201,59.0,3.317080090220807,1.0,41.0,52.0
4.828018006914686,1.1966882239361185,8.238189643061222,0.0,3.317080090220807,1.0,41.0,52.0
12.036715504418474,4.764533220498977,5.199158585771356,58.0,3.317080090220807,1.0,41.0,52.0
0.0,0.117446854869062,17.71274730505604,54.0,-3.3075573722584513,0.0,43.0,52.0
0.0,0.24124218837969488,5.766191719163417,59.0,-3.3075573722584513,0.0,43.0,52.0
0.1650604446808439,0.5205752486088158,14.780256377484646,31.0,-3.3075573722584513,0.0,43.0,52.0
1.1966882239361185,3.8471780567919778,7.825882981775561,0.0,-3.3075573722584513,0.0,43.0,52.0
0.21902251313419668,0.1809316412847712,26.00346130806439,31.0,1.7997936948853568,1.0,47.0,52.0
0.1650604446808439,0.5681888384205973,5.70087712549569,59.0,-1.6633014040915823,0.0,49.0,52.0
0.9871884287642779,6.0691455813418,19.737916718969092,0.0,-1.6633014040915823,0.0,49.0,52.0
0.5681888384205973,0.33646936800325855,5.70087712549569,59.0,4.294745801022729,1.0,49.0,52.0
6.0691455813418,4.72009387000798,19.737916718969092,0.0,4.294745801022729,1.0,49.0,52.0
0.0317423932078546,0.0,29.740544715926102,59.0,1.2823926855973262,1.0,51.0,52.0
0.1682346840016294,0.08570446166120729,12.305719281022132,31.0,1.2823926855973262,1.0,51.0,52.0
5.396206845335285,4.2280867752862346,10.260914965210452,58.0,1.2823926855973262,1.0,51.0,52.0
0.0,0.1396665301145599,14.5,57.0,-3.2282013892388144,0.0,53.0,52.0
4.2280867752862346,7.662613720376104,10.628237746386757,58.0,-3.2282013892388144,0.0,53.0,52.0
5.497782503600419,8.119704182569214,6.443852028222321,58.0,-2.4917778668165873,0.0,83.0,52.0
4.8692831180848986,7.424545771317195,14.63959586909941,58.0,-3.3710421586741606,0.0,93.0,52.0
2.155308498813328,4.3074427583058705,3.640054944640259,55.0,-1.9172405497544194,0.0,101.0,52.0
4.672480280196199,13.334979386619723,23.356750154458066,58.0,-1.9172405497544194,0.0,101.0,52.0
8.303810063174765,27.250844568943183,7.242160512505126,0.0,-1.9172405497544194,0.0,101.0,52.0
4.3074427583058705,2.1076949090015464,3.640054944640259,55.0,1.723611951186506,1.0,101.0,52.0
13.334979386619723,4.878805836047254,23.356750154458066,58.0,1.723611951186506,1.0,101.0,52.0
27.250844568943183,10.221050612929185,7.242160512505126,0.0,1.723611951186506,1.0,101.0,52.0
2.2219675245498234,4.466154724345145,14.859898987862143,55.0,-2.3425886187396703,0.0,104.0,52.0
8.208582883551202,25.235202600244424,3.206633748964769,0.0,-2.3425886187396703,0.0,104.0,52.0
1.5966423783550867,3.5234056460718626,10.737401519139496,55.0,-3.0409212693124728,0.0,109.0,52.0
4.459806245703573,14.538016089197415,5.662695091780871,58.0,-3.0409212693124728,0.0,109.0,52.0
11.116186101390685,19.01369353150491,15.355210841925954,0.0,-3.0409212693124728,0.0,109.0,52.0
3.7805190310554844,1.7458316264320037,12.698612486093989,55.0,1.6569529254500115,1.0,111.0,52.0
1.7458316264320037,1.231604856464759,19.05596483829581,55.0,1.4696728055236687,1.0,112.0,52.0
5.827903392962107,5.145441938993233,6.946221994724902,58.0,1.4696728055236687,1.0,112.0,52.0
1.231604856464759,3.8122614242633395,5.850054742980451,55.0,-3.2408983465219565,0.0,114.0,52.0
12.833449573935619,31.47893134422942,14.983324063771697,0.0,-3.2408983465219565,0.0,114.0,52.0
3.8122614242633395,1.6601271647707965,5.850054742980451,55.0,3.1678908421438914,1.0,114.0,52.0
31.47893134422942,13.169918941938878,14.983324063771697,0.0,3.1678908421438914,1.0,114.0,52.0
13.169918941938878,16.47747631419733,18.262610962939362,0.0,-3.39961031256123,0.0,116.0,52.0
9.903626680850639,9.144983483182912,25.98345627509931,0.0,4.786752895744477,1.0,124.0,52.0
0.0190454359247127,0.0,21.005951537600005,72.0,2.2664068750408193,1.0,125.0,52.0
10.782890972708215,3.8567007747543363,9.85740165291738,58.0,6.608766265875331,1.0,128.0,52.0
26.190648635800848,24.317847436537413,6.613606876611869,0.0,6.608766265875331,1.0,128.0,52.0
9.80522526190629,20.4135330719713,7.530424741433163,0.0,-3.653549458224067,0.0,131.0,52.0
1.1173322409164823,1.8505815240179242,13.871513908816842,55.0,-2.742542773158639,0.0,138.0,52.0
11.116186101390683,26.40014843097268,8.246211251235321,0.0,-2.742542773158639,0.0,138.0,52.0
0.0,0.8189537447626491,11.820716695213926,56.0,-1.4188849763911011,0.0,8.0,55.0
5.180358571521873,4.92324518653825,8.383391318553608,23.0,3.6408525009409245,1.0,9.0,55.0
4.92324518653825,5.170835853559517,8.0156097709407,23.0,-3.5868904324875714,0.0,11.0,55.0
0.082530222340422,0.8570446166120742,7.905694150420948,66.0,-1.2728699676349704,0.0,15.0,55.0
1.1871655059737625,0.0952271796235637,19.241881404893856,66.0,2.774285166366494,1.0,17.0,55.0
0.0,0.0317423932078546,9.06697303403953,54.0,-3.034572790670901,0.0,31.0,55.0
0.0,2.2727553536823906,4.240141147096254,48.0,-3.034572790670901,0.0,31.0,55.0
1.8124906521684987,0.21584827381341118,20.077482250173464,48.0,1.2887411642388975,1.0,80.0,55.0
1.453801608919741,1.828361848772426,20.453267900275836,52.0,-1.7870967376022144,0.0,97.0,55.0
0.0,0.1491892480769167,12.723404255319094,56.0,-1.5744227031095894,0.0,99.0,55.0
2.7457170124794246,0.8284764627250053,17.007192559779927,52.0,2.1521342594925423,1.0,100.0,55.0
0.0,0.3523405646071862,22.9015405953993,72.0,-2.199747849304324,0.0,102.0,55.0
0.2031513165302695,0.0,27.467141235597307,72.0,2.2441871997953218,1.0,103.0,55.0
0.288855778191477,0.0444393504909963,9.733361013978005,56.0,2.2441871997953218,1.0,103.0,55.0
0.0444393504909963,0.206325555851055,10.716983148752819,56.0,-2.450512755646377,0.0,105.0,55.0
0.0,0.241242188379695,18.990892007453294,72.0,-2.450512755646377,0.0,105.0,55.0
0.799908308837936,1.5236348739770214,20.862646045025066,52.0,-2.450512755646377,0.0,105.0,55.0
0.2380679490589096,0.0317423932078546,30.920600827855118,72.0,1.9267632677167759,1.0,108.0,55.0
3.466269338297724,0.42534806898525146,8.709691484878915,52.0,1.9267632677167759,1.0,108.0,55.0
0.21267403449262579,0.0,1.5054322490177765,48.0,2.5806565677985804,1.0,113.0,55.0
0.0,0.1364922907937747,23.978295971272637,72.0,-2.1521342594925432,0.0,115.0,55.0
26.492201371275463,26.190648635800848,2.231328780121824,0.0,1.3649229079377494,1.0,127.0,55.0
0.03491663252864,0.041265111170211,10.468606209822354,48.0,-1.4442788909573847,0.0,133.0,55.0
0.0444393504909964,0.0222196752454982,16.760162923566373,65.0,2.879035063952413,1.0,1.0,58.0
0.08570446166120729,0.0825302223404219,25.83980093770074,84.0,2.879035063952413,1.0,1.0,58.0
0.1460150087561312,0.0,16.725417872943417,61.0,2.879035063952413,1.0,1.0,58.0
0.1650604446808438,0.07618174369885089,21.60020576033683,57.0,2.879035063952413,1.0,1.0,58.0
0.2094997951718404,0.0,11.40497531306593,54.0,2.879035063952413,1.0,1.0,58.0
0.3840829578150408,0.206325555851055,12.672814692268448,86.0,2.879035063952413,1.0,1.0,58.0
1.1268549588788388,0.7745143942716526,13.14647597643889,85.0,2.879035063952413,1.0,1.0,58.0
2.8155502775367047,0.0444393504909963,29.150484932974326,72.0,2.879035063952413,1.0,1.0,58.0
0.0,0.117446854869062,13.571685603106507,56.0,-4.802624092348403,0.0,6.0,58.0
0.0,0.2634618636251933,9.482119071567576,81.0,-4.802624092348403,0.0,6.0,58.0
0.8792642918575728,1.2062109418984752,2.2825424421026765,72.0,-4.802624092348403,0.0,6.0,58.0
0.117446854869062,0.0,13.571685603106507,56.0,5.834251871603679,1.0,6.0,58.0
0.2634618636251933,0.0,9.482119071567576,81.0,5.834251871603679,1.0,6.0,58.0
1.2062109418984752,0.4348707869476081,2.2825424421026765,72.0,5.834251871603679,1.0,6.0,58.0
0.0190454359247127,0.0380908718494255,14.072234285207832,65.0,-1.4474531302781717,0.0,9.0,58.0
0.0253939145662836,0.057136307774138105,20.886598574205422,55.0,-1.4474531302781717,0.0,9.0,58.0
0.1809316412847713,0.2094997951718404,33.30426418427271,44.0,-1.4474531302781717,0.0,9.0,58.0
0.0,0.3205981713993315,3.9733182124930093,85.0,-1.4474531302781717,0.0,9.0,58.0
0.4031283937397534,0.6697644966857323,11.054598692360335,52.0,-1.4474531302781717,0.0,9.0,58.0
0.0190454359247127,0.7173780864975141,16.15549442140351,57.0,-1.4474531302781717,0.0,9.0,58.0
0.8856127704991438,0.8919612491407146,21.517502760215727,66.0,-1.4474531302781717,0.0,9.0,58.0
0.984014189443493,1.1109837622749115,10.919124322721697,69.0,-1.4474531302781717,0.0,9.0,58.0
2.0061192507364107,2.285452310965532,24.519296857115318,0.0,-1.4474531302781717,0.0,9.0,58.0
2.352111336702027,2.4568612342879477,14.752345624532404,72.0,-1.4474531302781717,0.0,9.0,58.0
5.043866280728098,5.180358571521873,20.554804791094465,23.0,-1.4474531302781717,0.0,9.0,58.0
0.2602876243044079,0.3523405646071862,8.461110227666504,81.0,-4.221738296644663,0.0,10.0,58.0
0.3205981713993315,0.4221738296644663,8.827713933169026,85.0,-4.221738296644663,0.0,10.0,58.0
0.6697644966857323,1.0887640870294135,13.343464936816934,52.0,-4.221738296644663,0.0,10.0,58.0
2.4568612342879477,2.5774823284777946,8.672576079717091,72.0,-4.221738296644663,0.0,10.0,58.0
0.057136307774138105,3.6979888087150625,26.069471550815436,55.0,-4.221738296644663,0.0,10.0,58.0
0.4221738296644663,0.2920300175122625,8.827713933169026,85.0,3.6027616290915,1.0,10.0,58.0
0.599931231628452,0.5110525306464593,10.019039873895883,69.0,3.6027616290915,1.0,10.0,58.0
0.7269008044598707,0.0,3.271584712046776,56.0,3.6027616290915,1.0,10.0,58.0
1.0887640870294135,1.0094081040097767,13.343464936816934,52.0,3.6027616290915,1.0,10.0,58.0
3.6979888087150625,0.111098376227491,26.069471550815436,55.0,3.6027616290915,1.0,10.0,58.0
0.0,0.041265111170211,9.564789966360545,56.0,-2.1013464303599783,0.0,12.0,58.0
0.2920300175122625,0.682461453968874,28.070461506095672,85.0,-2.1013464303599783,0.0,12.0,58.0
0.6031054709492377,0.7681659156300816,18.120839917605057,57.0,-2.1013464303599783,0.0,12.0,58.0
0.111098376227491,1.2093851812192609,19.40544786704475,55.0,-2.1013464303599783,0.0,12.0,58.0
2.6822322260637153,2.8060275595743485,2.692582403567252,72.0,-2.1013464303599783,0.0,12.0,58.0
0.1745831626432004,0.0,6.289358715946416,81.0,4.205867100040736,1.0,13.0,58.0
0.6634160180441612,0.4793101374386047,11.157060544785042,52.0,4.205867100040736,1.0,13.0,58.0
0.8570446166120745,0.5554918811374558,10.877100603237764,85.0,4.205867100040736,1.0,13.0,58.0
1.0348020185760607,0.082530222340422,14.866068747318506,66.0,4.205867100040736,1.0,13.0,58.0
1.3807941045416756,1.3554001899753922,3.0,55.0,4.205867100040736,1.0,13.0,58.0
2.583830807119366,0.2094997951718404,3.5355339059327378,72.0,4.205867100040736,1.0,13.0,58.0
0.0253939145662836,0.0317423932078546,13.301503674397088,56.0,-3.3234285688623793,0.0,15.0,58.0
0.4793101374386047,0.5967569923076665,8.646425040035075,52.0,-3.3234285688623793,0.0,15.0,58.0
0.082530222340422,0.8570446166120742,28.998137445509183,66.0,-3.3234285688623793,0.0,15.0,58.0
0.2094997951718404,2.3171947041733874,19.875393077873955,72.0,-3.3234285688623793,0.0,15.0,58.0
0.0380908718494255,0.0476135898117819,8.17067928632622,69.0,-1.5934681390343002,0.0,21.0,58.0
0.0571363077741382,0.3269466500409024,4.031128874149275,52.0,-1.5934681390343002,0.0,21.0,58.0
0.9776657108019221,1.1173322409164825,14.534441853748634,66.0,-1.5934681390343002,0.0,21.0,58.0
0.03491663252864,2.4854293881750165,7.97641175199918,72.0,-1.5934681390343002,0.0,21.0,58.0
0.3491663252864005,0.1428407694353456,13.901438774457844,57.0,2.92347441444341,1.0,22.0,58.0
2.393376447872238,0.10474989758591999,10.682612979401801,72.0,2.92347441444341,1.0,22.0,58.0
3.828132620867266,3.5932389111291423,3.1436687263807364,0.0,2.92347441444341,1.0,22.0,58.0
0.0,0.0603105470949237,11.045361017187261,59.0,-2.9520425683304783,0.0,24.0,58.0
0.1428407694353456,0.21267403449262579,10.124228365658293,57.0,-2.9520425683304783,0.0,24.0,58.0
0.0,0.2698103422667642,39.85598468951599,88.0,-2.9520425683304783,0.0,24.0,58.0
0.660241778723376,0.6697644966857323,17.96156253035513,31.0,-2.9520425683304783,0.0,24.0,58.0
0.7459462403845833,0.7554689583469396,23.484984110929584,56.0,-2.9520425683304783,0.0,24.0,58.0
0.10157565826513451,1.244301813747901,51.61395160225576,66.0,-2.9520425683304783,0.0,24.0,58.0
0.10474989758591999,2.3235431828149578,14.05968493546099,72.0,-2.9520425683304783,0.0,24.0,58.0
0.0571363077741382,0.5300979665711721,7.445059746290723,69.0,-4.418541134533363,0.0,26.0,58.0
0.5300979665711721,0.0984014189443492,7.445059746290723,69.0,4.2439579718901665,1.0,26.0,58.0
0.0984014189443492,0.4570904621931065,24.52332994150167,69.0,-3.9868445869065425,0.0,28.0,58.0
0.0603105470949237,0.0,23.751075205287044,85.0,4.307442758305873,1.0,28.0,58.0
0.4570904621931065,0.0253939145662836,24.52332994150167,69.0,4.307442758305873,1.0,28.0,58.0
0.0,0.0317423932078546,28.185279846047305,54.0,-4.221738296644663,0.0,31.0,58.0
0.0,0.0507878291325673,5.731628259055188,57.0,-4.221738296644663,0.0,31.0,58.0
0.0634847864157091,0.44756774423075,10.275169174398055,69.0,-4.221738296644663,0.0,31.0,58.0
0.8633930952536456,0.901483967103071,8.292712021980288,72.0,-3.066315183878756,0.0,32.0,58.0
0.3936056757773972,0.0603105470949237,8.151546523083953,69.0,6.338955923608566,1.0,33.0,58.0
0.9681429928395657,0.18410588060555658,6.454868680117864,72.0,6.338955923608566,1.0,33.0,58.0
0.1777574019639857,0.1809316412847711,17.902513789968157,52.0,-1.5648999851472318,0.0,37.0,58.0
0.3745602398526845,0.5205752486088155,4.420193586524403,31.0,-1.5648999851472318,0.0,37.0,58.0
0.0952271796235637,1.5648999851472325,8.5,72.0,-1.5648999851472318,0.0,37.0,58.0
5.545396093412201,6.332607444966994,26.962608425121278,0.0,-1.5648999851472318,0.0,37.0,58.0
9.894103962888284,10.224224852249975,17.251532819299975,92.0,-1.5648999851472318,0.0,37.0,58.0
0.2444164277004805,0.784037112234009,13.609929890212253,69.0,-4.6470863656299155,0.0,38.0,58.0
0.1809316412847711,3.4980117315055783,27.772666196357928,52.0,-7.272182283919497,0.0,42.0,58.0
0.0984014189443493,0.0,19.449793955503768,55.0,8.087961789361357,1.0,42.0,58.0
0.4888328554009611,0.33012088936168793,11.034440436181805,69.0,8.087961789361357,1.0,42.0,58.0
3.4980117315055783,0.1904543592471272,27.772666196357928,52.0,8.087961789361357,1.0,42.0,58.0
0.33012088936168793,0.8792642918575726,9.668106751921187,69.0,-4.32966243355137,0.0,44.0,58.0
0.0,0.0539620684533528,27.80418429589081,55.0,-2.241012960474537,0.0,48.0,58.0
0.1301438121522038,0.1650604446808439,10.214651259148349,59.0,-2.241012960474537,0.0,48.0,58.0
0.0,0.4221738296644664,14.779103511925333,69.0,-2.241012960474537,0.0,48.0,58.0
0.8570446166120742,0.9871884287642779,11.715374513859981,0.0,-2.241012960474537,0.0,48.0,58.0
0.0380908718494255,1.8378845667347823,7.220272845721936,52.0,-2.241012960474537,0.0,48.0,58.0
1.0221050612929188,0.2380679490589092,3.835994344066483,72.0,8.059393635474287,1.0,48.0,58.0
1.8378845667347823,0.17458316264319998,7.220272845721936,52.0,8.059393635474287,1.0,48.0,58.0
0.0,0.041265111170211,13.395442128667666,57.0,-5.707282298772258,0.0,50.0,58.0
0.2380679490589092,0.3047269747954041,10.733819265902413,72.0,-5.707282298772258,0.0,50.0,58.0
0.6570675394025904,0.9173551637069983,16.10300205849386,69.0,-5.707282298772258,0.0,50.0,58.0
0.17458316264319998,4.469328963665929,6.003336657260538,52.0,-5.707282298772258,0.0,50.0,58.0
0.0444393504909963,0.0952271796235638,29.49239073237557,55.0,-3.6535494582240675,0.0,51.0,58.0
0.3047269747954041,1.2252563778231882,6.417740590929518,72.0,-3.6535494582240675,0.0,51.0,58.0
0.0190454359247127,0.0,17.92344832893492,68.0,3.4345269450898694,1.0,52.0,58.0
0.3237724107201171,0.0,14.19586853923483,69.0,3.4345269450898694,1.0,52.0,58.0
1.1522488734451226,1.1109837622749115,31.24021479452667,55.0,3.4345269450898694,1.0,52.0,58.0
3.6503752189032808,0.4221738296644664,18.4271877836871,52.0,3.4345269450898694,1.0,52.0,58.0
0.0571363077741383,0.0190454359247127,22.108179593495965,75.0,7.199174779541428,1.0,53.0,58.0
1.4411046516365995,0.06983326505727991,8.245648691252164,72.0,7.199174779541428,1.0,53.0,58.0
0.0,0.0253939145662836,5.480077554195743,59.0,-5.28828270842858,0.0,55.0,58.0
0.0888787009819928,0.1523634873977021,24.725445521769675,55.0,-5.28828270842858,0.0,55.0,58.0
0.11744685486906191,0.13014381215220389,11.800423721205947,57.0,-3.4726178169392945,0.0,56.0,58.0
0.0539620684533528,0.4031283937397536,29.778565672744325,72.0,-3.4726178169392945,0.0,56.0,58.0
1.6283847715629411,2.158482738134113,28.271461055348393,0.0,-3.4726178169392945,0.0,56.0,58.0
0.4031283937397536,0.3999541544189681,29.778565672744325,72.0,3.1297999702944637,1.0,56.0,58.0
0.4063026330605391,0.0952271796235638,27.557682092025743,66.0,3.1297999702944637,1.0,56.0,58.0
0.0507878291325673,0.0,11.236102527122116,59.0,4.256654929173307,1.0,67.0,58.0
0.053962068453352705,0.0793559830196365,12.98325074856058,69.0,-4.097942963134035,0.0,69.0,58.0
0.1047498975859202,0.0190454359247127,20.241516945734656,55.0,5.64697175167734,1.0,70.0,58.0
0.117446854869062,1.4061880191079594,25.285626411736537,55.0,-1.7077407545825807,0.0,81.0,58.0
0.1301438121522038,1.7299604298280766,26.53876005249618,52.0,-1.7077407545825807,0.0,81.0,58.0
4.113814159737957,4.329662433551369,9.561496860963926,0.0,-1.7077407545825807,0.0,81.0,58.0
5.377161409410572,6.380221034778779,29.04616587548377,92.0,-1.7077407545825807,0.0,81.0,58.0
0.041265111170211,0.0,20.8806130178211,69.0,2.6219216789687945,1.0,82.0,58.0
0.076181743698851,0.053962068453352705,11.729740216882737,66.0,2.6219216789687945,1.0,82.0,58.0
2.593353525081722,0.1015756582651347,30.91479402803647,52.0,2.6219216789687945,1.0,82.0,58.0
0.0,0.0253939145662836,2.1866069605669876,69.0,-1.3109608394843972,0.0,86.0,58.0
0.0,0.5904085136660959,11.982345281733782,72.0,-1.3109608394843972,0.0,86.0,58.0
0.0253939145662836,0.0,2.1866069605669876,69.0,4.88198007536804,1.0,86.0,58.0
0.5904085136660959,0.0253939145662836,11.982345281733782,72.0,4.88198007536804,1.0,86.0,58.0
0.0190454359247127,0.0666590257364947,11.29786366336613,66.0,-4.54551070736478,0.0,88.0,58.0
0.0253939145662836,0.1745831626432004,2.702676971063606,72.0,-4.54551070736478,0.0,88.0,58.0
0.1745831626432004,0.0,2.702676971063606,72.0,5.389858366693714,1.0,88.0,58.0
0.0,0.4031283937397536,16.66424703952323,72.0,-8.72915813216002,0.0,90.0,58.0
2.085475233756048,2.0410358832650517,10.092546959624753,55.0,2.5552626532322966,1.0,92.0,58.0
3.580541953846001,0.2094997951718403,18.7049871213502,52.0,2.5552626532322966,1.0,92.0,58.0
6.526236043534909,6.0881910172665155,21.750825816120166,92.0,2.5552626532322966,1.0,92.0,58.0
9.04975630355935,8.303810063174767,14.637210590966365,0.0,2.5552626532322966,1.0,92.0,58.0
0.0,0.0539620684533528,5.1567136338689785,72.0,-6.757955513952248,0.0,97.0,58.0
0.0539620684533528,0.0317423932078546,5.1567136338689785,72.0,1.860104241980281,1.0,97.0,58.0
0.0317423932078546,0.2952042568330479,17.221402790452085,72.0,-2.977436482896763,0.0,99.0,58.0
0.1079241369067057,0.0,6.844036122773376,66.0,8.662499106423525,1.0,100.0,58.0
0.3491663252864008,0.0,9.176974419934476,72.0,8.662499106423525,1.0,100.0,58.0
0.0,0.1142726155482766,28.121484691149746,66.0,-8.456173550572469,0.0,102.0,58.0
0.0,0.3523405646071862,17.137846622838815,72.0,-8.456173550572469,0.0,102.0,58.0
0.0380908718494254,0.4856586160801756,9.739739806841667,69.0,-8.456173550572469,0.0,102.0,58.0
0.8284764627250053,2.552088413911511,16.469651881766527,52.0,-8.456173550572469,0.0,102.0,58.0
0.1682346840016294,0.0380908718494254,27.168245499953542,66.0,7.926075584001299,1.0,103.0,58.0
0.2031513165302695,0.0,17.56879613565625,72.0,7.926075584001299,1.0,103.0,58.0
3.1424969275776062,0.799908308837936,8.5,52.0,7.926075584001299,1.0,103.0,58.0
0.0380908718494254,0.0888787009819929,21.359053903988134,66.0,-7.110296078559436,0.0,105.0,58.0
0.0444393504909963,0.206325555851055,22.163550225085363,56.0,-7.110296078559436,0.0,105.0,58.0
0.0,0.241242188379695,7.495558084856639,72.0,-7.110296078559436,0.0,105.0,58.0
0.799908308837936,1.5236348739770214,13.621780838002538,52.0,-7.110296078559436,0.0,105.0,58.0
0.1809316412847713,0.041265111170211,12.640457406079248,66.0,10.078209843493841,1.0,108.0,58.0
0.2380679490589096,0.0317423932078546,17.712995856777624,72.0,10.078209843493841,1.0,108.0,58.0
0.0,0.4348707869476083,24.69008178452016,66.0,-9.205294030277845,0.0,112.0,58.0
0.1777574019639857,0.0,5.3851648071345295,66.0,8.329203977741054,1.0,113.0,58.0
3.5900646718083573,0.34916632528640057,17.854231345498604,52.0,8.329203977741054,1.0,113.0,58.0
0.0,0.1364922907937747,8.916508971083044,72.0,-8.100658746644502,0.0,115.0,58.0
0.0,0.1968028378886986,16.2609604435699,66.0,-8.100658746644502,0.0,115.0,58.0
0.34916632528640057,3.5170571674302917,27.54719160931866,52.0,-8.100658746644502,0.0,115.0,58.0
0.1364922907937747,0.0,8.916508971083044,72.0,3.5773677145252156,1.0,115.0,58.0
0.1968028378886986,0.1618862053600585,16.2609604435699,66.0,3.5773677145252156,1.0,115.0,58.0
1.6601271647707965,1.5363318312601635,14.826179090370973,55.0,3.5773677145252156,1.0,115.0,58.0
3.5170571674302917,0.117446854869062,27.54719160931866,52.0,3.5773677145252156,1.0,115.0,58.0
0.0,0.0190454359247127,15.435349040433131,48.0,-1.4950667200899526,0.0,117.0,58.0
0.117446854869062,0.1206210941898475,22.723710876770976,52.0,-1.4950667200899526,0.0,117.0,58.0
0.0,0.241242188379695,15.545238246259386,72.0,-1.4950667200899526,0.0,117.0,58.0
16.47747631419733,16.655233716161316,6.545647132557502,0.0,-1.4950667200899526,0.0,117.0,58.0
0.0317423932078546,0.0,5.315072906367325,72.0,4.043980894680678,1.0,119.0,58.0
0.0,0.0888787009819929,1.692193962926036,66.0,-4.405844177250222,0.0,121.0,58.0
0.0888787009819929,0.0761817436988509,1.692193962926036,66.0,2.177528174058825,1.0,121.0,58.0
0.0,0.0190454359247127,6.5,72.0,-4.894677032651182,0.0,125.0,58.0
1.7934452162437853,1.8061421735269274,3.6263699263680054,55.0,-4.894677032651182,0.0,125.0,58.0
0.0190454359247127,4.805798331669189,13.118214386971783,52.0,-4.894677032651182,0.0,125.0,58.0
0.0190454359247127,0.0,6.5,72.0,2.199747849304326,1.0,125.0,58.0
7.0722052067100085,0.21584827381341118,6.020797289396148,52.0,7.875287754868733,1.0,126.0,58.0
0.3142496927577604,6.9230159586330915,18.37694701905132,52.0,-6.926190197953878,0.0,129.0,58.0
1.053847454500773,1.2252563778231875,6.041522986797286,69.0,-4.189995903436809,0.0,132.0,58.0
0.2063255558510546,4.5740788612518495,7.433034373659253,52.0,-4.189995903436809,0.0,132.0,58.0
20.4135330719713,24.34641559042449,3.4736842105263577,0.0,-4.189995903436809,0.0,132.0,58.0
0.0,0.0253939145662836,13.209844813622906,80.0,-2.7711109270457084,0.0,2.0,72.0
0.0380908718494254,0.0,17.528548142958105,80.0,1.917240549754419,1.0,7.0,72.0
11.906571692266267,12.865191967143476,25.759858549689284,58.0,-3.431352705769084,0.0,19.0,72.0
0.0634847864157091,0.5110525306464593,10.866688470784009,66.0,-1.8505815240179235,0.0,26.0,72.0
7.662613720376104,14.861788499917532,10.465180361560893,58.0,-1.3712713865793196,0.0,54.0,72.0
0.07300750437806541,0.241242188379695,3.5355339059327378,93.0,-3.8884431679621914,0.0,6.0,87.0
0.241242188379695,0.2348937097381241,3.5355339059327378,93.0,3.529754124713432,1.0,6.0,87.0
0.0,0.1110983762274911,7.846471038019115,93.0,-3.332951286824737,0.0,28.0,87.0
0.1110983762274911,0.0793559830196364,7.846471038019115,93.0,3.421829987806727,1.0,28.0,87.0
0.0507878291325673,0.2698103422667641,9.568496352561374,93.0,-3.669420654827994,0.0,31.0,87.0
0.14284076943534568,0.0539620684533528,8.480469759803299,93.0,3.440875423731443,1.0,33.0,87.0
0.0253939145662836,0.3967799150981827,14.525006299482259,93.0,-3.8757462106790506,0.0,38.0,87.0
0.0253939145662836,0.0,3.5750874115187727,93.0,3.26629226108824,1.0,42.0,87.0
0.0,0.0222196752454982,4.47213595499958,93.0,-2.8123760382159197,0.0,44.0,87.0
0.0984014189443492,0.2031513165302695,8.806292139714648,93.0,-4.389972980646296,0.0,69.0,87.0
0.4158253510228955,0.0,16.500485148603016,93.0,4.234435253927805,1.0,70.0,87.0
4.329662433551369,4.88832855400961,6.513782532514126,0.0,-1.6950437972994368,0.0,82.0,87.0
9.570331552168165,26.40014843097268,14.776102424201419,0.0,-3.682117612111135,0.0,95.0,87.0
27.600010894229587,9.20529403027784,21.766470827372803,0.0,3.358345201391018,1.0,96.0,87.0
8.767249004009443,8.303810063174765,5.262982005653889,0.0,1.3109608394843963,1.0,99.0,87.0
8.303810063174765,27.250844568943183,5.269732735394978,0.0,-5.183532810842659,0.0,101.0,87.0
27.250844568943183,10.221050612929185,5.269732735394978,0.0,2.993307679500691,1.0,101.0,87.0
8.208582883551202,25.235202600244424,24.62214450449026,0.0,-3.6281555436577824,0.0,104.0,87.0
25.235202600244424,10.719406186292503,24.62214450449026,0.0,2.1330888235678303,1.0,104.0,87.0
10.719406186292503,7.710227310187886,2.0528844841041276,0.0,3.3012088936168804,1.0,105.0,87.0
7.503901754336832,11.116186101390685,6.652668637471708,0.0,-3.5107086887887204,0.0,108.0,87.0
18.508989479500023,24.67653647978618,6.295127270171811,0.0,-8.00860580634172,0.0,111.0,87.0
24.67653647978618,8.70058997827295,6.295127270171811,0.0,5.469214349713351,1.0,111.0,87.0
8.70058997827295,12.833449573935619,9.358527938960474,0.0,-2.30132350756946,0.0,113.0,87.0
16.655233716161316,11.141580015956968,8.651845692197433,0.0,5.8596457861699625,1.0,117.0,87.0
11.325685896562526,29.450592418247513,16.109961861120397,0.0,-4.91689670789668,0.0,122.0,87.0
29.450592418247513,13.027078172503531,16.109961861120397,0.0,1.841058806055568,1.0,122.0,87.0
13.027078172503531,9.903626680850639,3.2015621187164243,0.0,3.085360619803468,1.0,123.0,87.0
20.9372825599009,26.492201371275463,3.302169133714124,0.0,-7.25313684799478,0.0,127.0,87.0
24.317847436537413,9.80522526190629,7.263710670088385,0.0,2.015641968698768,1.0,129.0,87.0
20.4135330719713,24.34641559042449,1.584575373185126,0.0,-3.2853376970129533,0.0,132.0,87.0
24.34641559042449,10.179785501758971,1.584575373185126,0.0,1.399839540466389,1.0,132.0,87.0
10.179785501758971,7.481682079091329,10.751744044572526,0.0,2.3806794905890962,1.0,133.0,87.0
7.481682079091329,11.322511657241737,4.005664922821511,0.0,-3.8471780567919796,0.0,135.0,87.0
27.733328945702574,11.116186101390683,5.47345208126923,0.0,1.3744456259001048,1.0,136.0,87.0
0.0444393504909964,0.0603105470949237,49.579953057181875,88.0,-3.037747029991685,0.0,6.0,92.0
0.0603105470949237,0.0793559830196365,10.879191146404228,113.0,-3.228201389238814,0.0,26.0,92.0
0.0539620684533528,0.0,23.735057218731733,88.0,2.8980804998771283,1.0,26.0,92.0
0.0603105470949237,0.0,50.935541254421636,85.0,3.2789892183713816,1.0,28.0,92.0
0.0,0.1523634873977021,6.204172263261419,113.0,-2.840944192102989,0.0,31.0,92.0
0.1618862053600584,0.0888787009819929,7.475027294789699,113.0,3.155193884860748,1.0,33.0,92.0
0.2444164277004805,0.784037112234009,80.94377943587068,69.0,-3.4662693382977263,0.0,38.0,92.0
0.0,0.1682346840016294,6.738491104909972,113.0,-3.5487995606381464,0.0,42.0,92.0
0.1682346840016294,0.0,6.738491104909972,113.0,3.412307269844371,1.0,42.0,92.0
0.0,0.1142726155482766,5.08302974199685,113.0,-3.415481509165156,0.0,44.0,92.0
0.03491663252864,0.0,7.107788767051568,110.0,3.332951286824734,1.0,48.0,92.0
0.0539620684533528,0.0,8.14785513203298,113.0,3.234549867880385,1.0,53.0,92.0
0.9554460355564239,0.0444393504909963,103.70371197089914,116.0,3.8503522961127654,1.0,70.0,92.0
0.076181743698851,0.0380908718494255,12.751497733381923,113.0,3.4027845518820152,1.0,86.0,92.0
0.0,0.076181743698851,10.596940071968408,110.0,-3.2408983465219574,0.0,88.0,92.0
0.076181743698851,0.0,10.596940071968408,110.0,3.669420654827995,1.0,88.0,92.0
0.0,0.0476135898117819,13.498971154211084,113.0,-3.6694206548279933,0.0,90.0,92.0
0.0317423932078546,0.0,6.264982043070834,110.0,2.536217217307583,1.0,97.0,92.0
0.0,0.082530222340422,11.315800337497459,110.0,-2.7488912518002095,0.0,99.0,92.0
0.0,0.03491663252864,4.1160841536988055,110.0,-2.9076032178394833,0.0,102.0,92.0
0.0,0.0888787009819929,10.23231425934726,110.0,-2.990133440179906,0.0,105.0,92.0
0.6380221034778778,0.0,14.112502214156974,110.0,2.2600583963992484,1.0,119.0,92.0
0.0,0.8126052661210782,14.172112409291762,110.0,-2.885383542593983,0.0,123.0,92.0
0.0380908718494255,0.0,23.60114168613228,105.0,1.3934910618248164,1.0,6.0,97.0
0.5078782913256737,0.4412192655891791,8.991634434068022,116.0,2.428293080400877,1.0,8.0,97.0
1.9362859856791317,0.2221967524549822,18.746084776412516,108.0,2.428293080400877,1.0,8.0,97.0
0.4761358981178192,0.4856586160801756,39.284755080265334,117.0,-11.846261145171344,0.0,11.0,97.0
0.2158482738134114,0.0,23.884163941767596,106.0,9.668732971112517,1.0,16.0,97.0
50.37517802086528,49.72763319942504,8.855467548450747,119.0,9.668732971112517,1.0,16.0,97.0
0.0984014189443493,0.1428407694353457,9.313974632603934,105.0,-9.776657108019222,0.0,18.0,97.0
0.0253939145662836,0.1587119660392731,32.83784402179901,117.0,-9.776657108019222,0.0,18.0,97.0
49.72763319942504,57.54578464651962,0.2610701959637615,119.0,-9.776657108019222,0.0,18.0,97.0
0.1428407694353457,0.1301438121522039,9.313974632603934,105.0,10.551171502290874,1.0,18.0,97.0
0.1587119660392731,0.076181743698851,32.83784402179901,117.0,10.551171502290874,1.0,18.0,97.0
57.54578464651962,47.261249247174746,0.2610701959637615,119.0,10.551171502290874,1.0,18.0,97.0
0.053962068453352705,0.0,15.811388300841896,117.0,1.472847044844455,1.0,20.0,97.0
0.1206210941898475,0.0,63.20972106064936,106.0,1.472847044844455,1.0,20.0,97.0
2.30132350756946,0.0,13.073709962363495,108.0,1.472847044844455,1.0,20.0,97.0
0.0,0.0634847864157092,34.60581598517798,117.0,-1.3712713865793198,0.0,22.0,97.0
0.19045435924712759,0.3999541544189682,39.60623298303022,105.0,-1.3712713865793198,0.0,22.0,97.0
0.0,3.031398551350116,9.75048753205091,108.0,-1.3712713865793198,0.0,22.0,97.0
3.1583681241815333,3.828132620867266,6.126275377421423,0.0,-1.3712713865793198,0.0,22.0,97.0
0.3999541544189682,0.2571133849836224,39.60623298303022,105.0,3.4250042271275127,1.0,22.0,97.0
0.5713630777413831,0.5300979665711721,34.056933087963515,115.0,3.4250042271275127,1.0,22.0,97.0
3.031398551350116,0.1999770772094839,9.75048753205091,108.0,3.4250042271275127,1.0,22.0,97.0
3.828132620867266,3.5932389111291423,6.126275377421423,0.0,3.4250042271275127,1.0,22.0,97.0
44.13462351620106,43.85529045597194,16.920106382644317,119.0,3.4250042271275127,1.0,22.0,97.0
0.0,0.0634847864157091,4.924428900898052,96.0,-1.5426803099017334,0.0,25.0,97.0
0.0,1.285566924918112,11.056398903527123,116.0,-1.5426803099017334,0.0,25.0,97.0
3.1012318164073953,3.7392539198852726,13.268827807429709,0.0,-1.5426803099017334,0.0,25.0,97.0
44.10922960163478,56.59668708960478,35.175008884149555,119.0,-1.5426803099017334,0.0,25.0,97.0
0.2444164277004805,0.3745602398526845,59.646739070615766,105.0,-4.9740330156708215,0.0,26.0,97.0
0.041265111170211,1.3363547540506793,19.136271840344282,108.0,-4.9740330156708215,0.0,26.0,97.0
0.618976667553165,0.0,10.083487129412124,116.0,4.548684946685569,1.0,26.0,97.0
0.0,0.0444393504909963,67.52962312940892,107.0,-4.164601988870529,0.0,28.0,97.0
0.0,0.8030825481587218,7.454038267758738,116.0,-4.164601988870529,0.0,28.0,97.0
0.1491892480769167,0.0571363077741382,21.581223500680604,115.0,5.291456947749366,1.0,28.0,97.0
0.8030825481587218,0.0,7.454038267758738,116.0,5.291456947749366,1.0,28.0,97.0
0.0888787009819929,0.165060444680844,15.678786123916808,107.0,-5.656494469639693,0.0,31.0,97.0
0.0285681538870691,0.1936285985679131,13.01292434260076,116.0,-5.656494469639693,0.0,31.0,97.0
0.1714089233224148,1.0570216938215589,13.726966328310224,108.0,-5.656494469639693,0.0,31.0,97.0
0.0444393504909964,0.7745143942716527,1.8898020497274772,116.0,-4.666131801554631,0.0,38.0,97.0
0.7745143942716527,0.0,1.8898020497274772,116.0,1.361748668616963,1.0,38.0,97.0
0.1142726155482766,0.0,18.29315884405498,99.0,6.30086505175914,1.0,40.0,97.0
1.0474989758592024,0.0,5.4941800746224345,116.0,6.30086505175914,1.0,40.0,97.0
1.0506732151799878,0.0571363077741382,19.398635424011964,108.0,6.30086505175914,1.0,40.0,97.0
0.0,0.5650145990998122,10.730985626615144,116.0,-5.764418606546398,0.0,42.0,97.0
0.0571363077741382,1.0379762578968459,19.69898040093794,108.0,-5.764418606546398,0.0,42.0,97.0
1.0379762578968459,0.0634847864157092,19.69898040093794,108.0,4.93276790450061,1.0,42.0,97.0
0.0253939145662836,0.0317423932078546,5.70087712549569,96.0,-3.6662464155072083,0.0,44.0,97.0
0.0253939145662836,0.2602876243044077,3.321332563896606,108.0,-1.850581524017925,0.0,46.0,97.0
0.3110754534369752,0.3205981713993316,15.111518921579112,105.0,-1.850581524017925,0.0,46.0,97.0
0.0,0.784037112234009,9.803937608758206,116.0,-1.850581524017925,0.0,46.0,97.0
0.0190454359247127,0.0,9.340770846134703,107.0,5.456517392430209,1.0,48.0,97.0
0.0317423932078546,0.0,3.0413812651491097,105.0,5.456517392430209,1.0,48.0,97.0
0.660241778723376,0.2888557781914769,12.863085374098652,116.0,5.456517392430209,1.0,48.0,97.0
0.4285223083060372,0.6634160180441614,14.206586258092434,116.0,-5.700933820130688,0.0,51.0,97.0
0.6665902573649468,0.0380908718494255,6.041522986797286,116.0,5.5200021788459175,1.0,53.0,97.0
0.0380908718494255,0.7459462403845833,2.467294723496796,116.0,-5.348593255523504,0.0,55.0,97.0
0.0507878291325673,0.0222196752454982,26.63174797117155,107.0,4.837540724877043,1.0,67.0,97.0
0.2571133849836224,0.1206210941898475,5.652662973256396,108.0,4.837540724877043,1.0,67.0,97.0
0.5110525306464593,0.0380908718494255,12.653899631361105,116.0,4.837540724877043,1.0,67.0,97.0
0.1206210941898475,0.2729845815875496,7.852290011499341,108.0,-5.26606303318308,0.0,69.0,97.0
0.0380908718494255,0.5999312316284523,15.679019090866147,116.0,-5.26606303318308,0.0,69.0,97.0
0.9554460355564239,0.0444393504909963,18.394259034603696,116.0,5.2184494433713,1.0,70.0,97.0
0.0444393504909963,0.7586431976677254,16.823729961335307,116.0,-4.742313545253481,0.0,72.0,97.0
0.4729616587970338,0.0,9.765983954147961,108.0,1.317309318125968,1.0,77.0,97.0
0.7618174369885108,0.0444393504909964,15.663987470380045,116.0,1.317309318125968,1.0,77.0,97.0
3.4027845518820143,2.58700504644015,20.853025523155818,0.0,1.317309318125968,1.0,77.0,97.0
0.3142496927577607,0.0,10.657642724065818,108.0,4.024935458755968,1.0,86.0,97.0
0.0190454359247127,0.0698332650572801,7.289894511134638,96.0,-4.983555733633178,0.0,88.0,97.0
0.0,0.7459462403845835,25.83377339636961,108.0,-4.983555733633178,0.0,88.0,97.0
0.0698332650572801,0.0,7.289894511134638,96.0,5.732676213338543,1.0,88.0,97.0
0.7459462403845835,0.5174010092880302,25.83377339636961,108.0,5.732676213338543,1.0,88.0,97.0
0.5174010092880302,1.1712943093698351,9.027397952180504,108.0,-5.510479460883561,0.0,90.0,97.0
1.1712943093698351,0.49200709472174653,9.027397952180504,108.0,1.3522259506546082,1.0,90.0,97.0
9.475104372544601,9.103718372012702,24.58149710656371,0.0,1.3522259506546082,1.0,90.0,97.0
0.49200709472174653,1.5141121560146653,6.502566124726701,108.0,-1.47602128416524,0.0,92.0,97.0
1.5141121560146653,0.10157565826513448,6.502566124726701,108.0,1.9045435924712777,1.0,92.0,97.0
0.0444393504909964,0.07300750437806561,7.5,96.0,-1.555377267184877,0.0,96.0,97.0
26.40014843097268,27.600010894229587,14.430869689661812,0.0,-1.555377267184877,0.0,96.0,97.0
41.38255802508006,47.12158271706018,23.71181140275875,119.0,-1.555377267184877,0.0,96.0,97.0
0.0,0.0190454359247127,8.077747210701755,116.0,-3.1202772523321105,0.0,102.0,97.0
1.2760442069557556,0.041265111170211,7.758269898696465,108.0,4.1233368777003125,1.0,103.0,97.0
0.041265111170211,0.7649916763092962,15.787653403846944,108.0,-4.253480689852516,0.0,105.0,97.0
0.8538703772912891,0.5999312316284523,9.773395324886264,108.0,5.0216466054826014,1.0,108.0,97.0
0.041265111170211,0.08887870098199291,8.141252974819043,96.0,-1.253824531710256,0.0,111.0,97.0
0.041265111170211,0.0984014189443493,10.61743848581196,116.0,-1.253824531710256,0.0,111.0,97.0
37.18621364300168,43.49025293408162,4.301162633521313,119.0,-1.253824531710256,0.0,111.0,97.0
0.0,0.0317423932078546,39.17818270415307,99.0,-7.256311087315565,0.0,122.0,97.0
0.0,0.22537099177576758,36.09016486523718,116.0,-7.256311087315565,0.0,122.0,97.0
0.0317423932078546,0.0,39.17818270415307,99.0,7.741969703395741,1.0,122.0,97.0
0.22537099177576758,0.0253939145662836,36.09016486523718,116.0,7.741969703395741,1.0,122.0,97.0
0.0190454359247127,0.0,3.3541019662496847,116.0,3.8471780567919787,1.0,125.0,97.0
0.6634160180441615,0.0857044616612074,7.371716779880882,108.0,3.8471780567919787,1.0,125.0,97.0
0.2190225131341968,0.6665902573649469,12.553603885798733,108.0,-4.910548229255111,0.0,130.0,97.0
0.6665902573649469,0.0190454359247127,12.553603885798733,108.0,4.8565861608017595,1.0,130.0,97.0
57.95843575822175,58.815480374833825,2.18646112357345,119.0,-1.7140892332241495,0.0,9.0,108.0
11.40821611890295,14.833220346030462,24.046829312822098,97.0,-2.8314214741406323,0.0,23.0,108.0
3.7392539198852726,1.0030596253682056,10.579174553828038,0.0,1.2950896428804684,1.0,25.0,108.0
0.0,0.0444393504909963,19.1637678967368,107.0,-1.7394831477904331,0.0,28.0,108.0
0.4570904621931065,0.5745373170621686,10.64501646359482,105.0,-1.6982180366202222,0.0,30.0,108.0
44.455221687600385,38.69715155969556,15.20690632574555,119.0,1.507763677373094,1.0,34.0,108.0
8.145098097135495,10.049641689606773,4.743416490252569,97.0,-1.4125364977495307,0.0,93.0,108.0
29.450592418247513,13.027078172503531,9.813793504421698,0.0,1.6156878142798001,1.0,122.0,108.0
0.0190454359247127,0.0,29.004310024546353,171.0,14.315819336742436,1.0,0.0,119.0
0.0222196752454982,0.0,26.248809496813376,169.0,14.315819336742436,1.0,0.0,119.0
0.0253939145662836,0.0,34.424282853822824,122.0,14.315819336742436,1.0,0.0,119.0
0.0253939145662836,0.0,31.12073263919087,163.0,14.315819336742436,1.0,0.0,119.0
0.0253939145662836,0.0,24.627855164427128,165.0,14.315819336742436,1.0,0.0,119.0
0.0285681538870691,0.0253939145662836,31.044571701003765,113.0,14.315819336742436,1.0,0.0,119.0
0.0285681538870691,0.0,15.325682471259663,174.0,14.315819336742436,1.0,0.0,119.0
0.0380908718494255,0.0,78.84478422825444,148.0,14.315819336742436,1.0,0.0,119.0
0.041265111170211,0.0317423932078546,21.483997071716292,160.0,14.315819336742436,1.0,0.0,119.0
0.0507878291325673,0.0317423932078546,30.401480227120523,114.0,14.315819336742436,1.0,0.0,119.0
0.0539620684533528,0.0,8.810382362317933,149.0,14.315819336742436,1.0,0.0,119.0
0.8157795054418636,0.0253939145662836,41.13039248055655,155.0,14.315819336742436,1.0,0.0,119.0
0.0,0.0222196752454982,6.324555320336759,177.0,-11.976404957323552,0.0,2.0,119.0
0.0,0.0253939145662836,5.003124024047375,168.0,-11.976404957323552,0.0,2.0,119.0
0.0,0.0253939145662836,16.830961053962426,148.0,-11.976404957323552,0.0,2.0,119.0
0.0285681538870691,0.0380908718494255,3.3541019662496847,142.0,-11.976404957323552,0.0,2.0,119.0
0.0,0.041265111170211,10.095695960312813,140.0,-11.976404957323552,0.0,2.0,119.0
0.0,0.0444393504909964,4.569754157635261,120.0,-11.976404957323552,0.0,2.0,119.0
0.0,0.11109837622749111,1.753168560064935,126.0,-11.976404957323552,0.0,2.0,119.0
0.0253939145662836,1.0062338646889917,24.93283377559798,155.0,-11.976404957323552,0.0,2.0,119.0
1.9299375070375606,2.2378387211537505,11.708449576916603,108.0,-11.976404957323552,0.0,2.0,119.0
9.706823842961942,9.976634185228706,10.176225014982535,97.0,-11.976404957323552,0.0,2.0,119.0
0.14601500875613088,11.852609623812913,22.588713996153036,170.0,-11.976404957323552,0.0,2.0,119.0
0.0,0.0253939145662836,6.5,127.0,-4.643912126309118,0.0,3.0,119.0
0.03491663252864,0.0666590257364946,36.22830385209888,146.0,-4.643912126309118,0.0,3.0,119.0
0.0444393504909964,0.0793559830196365,28.45847501184841,134.0,-4.643912126309118,0.0,3.0,119.0
0.0,0.2634618636251933,14.083641649570403,145.0,-4.643912126309118,0.0,3.0,119.0
0.11109837622749111,0.4031283937397536,3.6683497820487494,126.0,-4.643912126309118,0.0,3.0,119.0
0.1872801199263419,0.5618403597790262,24.87738526293831,0.0,-4.643912126309118,0.0,3.0,119.0
0.0253939145662836,0.0,6.5,127.0,15.782317902945309,1.0,3.0,119.0
0.0317423932078546,0.0222196752454982,3.640054944640259,120.0,15.782317902945309,1.0,3.0,119.0
0.0666590257364946,0.0,36.22830385209888,146.0,15.782317902945309,1.0,3.0,119.0
0.0793559830196365,0.0,28.45847501184841,134.0,15.782317902945309,1.0,3.0,119.0
0.2634618636251933,0.0285681538870691,14.083641649570403,145.0,15.782317902945309,1.0,3.0,119.0
0.4031283937397536,0.0,3.6683497820487494,126.0,15.782317902945309,1.0,3.0,119.0
0.5618403597790262,0.4158253510228951,24.87738526293831,0.0,15.782317902945309,1.0,3.0,119.0
0.8411734200081473,0.8221279840834346,10.09657060268252,155.0,15.782317902945309,1.0,3.0,119.0
2.009293490057197,1.8854981565465643,9.924716620639604,108.0,15.782317902945309,1.0,3.0,119.0
0.0,0.0253939145662836,6.8761362697375334,153.0,-12.522374120498647,0.0,5.0,119.0
0.0,0.0698332650572801,14.225820431249304,165.0,-12.522374120498647,0.0,5.0,119.0
0.0,0.1491892480769166,5.3009562509241,158.0,-12.522374120498647,0.0,5.0,119.0
0.4158253510228951,0.6062797102700228,6.103277807866851,0.0,-12.522374120498647,0.0,5.0,119.0
1.8854981565465643,2.088649473076834,16.507574019219177,108.0,-12.522374120498647,0.0,5.0,119.0
0.5078782913256735,14.433266191611494,9.013878188659973,170.0,-12.522374120498647,0.0,5.0,119.0
0.0730075043780655,0.9554460355564238,7.0178344238090995,167.0,-14.471357063460921,0.0,6.0,119.0
0.1015756582651347,0.0,4.585238713796699,177.0,15.112553406259579,1.0,6.0,119.0
0.0380908718494255,0.0,4.854837221209838,158.0,13.69684266918928,1.0,7.0,119.0
0.0507878291325673,0.0,16.852531338051268,165.0,13.69684266918928,1.0,7.0,119.0
0.3047269747954043,0.0,8.582549519227955,147.0,13.69684266918928,1.0,7.0,119.0
0.8284764627250055,0.7237265651390852,8.619847745054974,155.0,13.69684266918928,1.0,7.0,119.0
2.0410358832650517,1.9362859856791317,6.427680350984476,108.0,13.69684266918928,1.0,7.0,119.0
2.177528174058827,0.0,5.0,167.0,13.69684266918928,1.0,7.0,119.0
13.220706771071448,0.5681888384205973,10.385563262692916,170.0,13.69684266918928,1.0,7.0,119.0
0.0,0.0507878291325673,10.63014581273465,146.0,-18.94068602712685,0.0,10.0,119.0
0.03491663252864,0.1206210941898475,6.257303425106269,167.0,-18.94068602712685,0.0,10.0,119.0
0.0,0.4761358981178192,25.003179353389765,117.0,-18.94068602712685,0.0,10.0,119.0
2.285452310965532,2.4473385163255905,29.444566561591596,0.0,-18.94068602712685,0.0,10.0,119.0
0.1682346840016292,18.96607994169313,4.0,170.0,-18.94068602712685,0.0,10.0,119.0
0.0507878291325673,0.0,10.63014581273465,146.0,30.133053872216372,1.0,10.0,119.0
2.4473385163255905,2.126740344926259,29.444566561591596,0.0,30.133053872216372,1.0,10.0,119.0
18.96607994169313,0.9840141894434928,4.0,170.0,30.133053872216372,1.0,10.0,119.0
0.0,0.0190454359247127,4.272001872658765,96.0,-19.918351737928752,0.0,13.0,119.0
0.0,0.0190454359247127,20.155644370746373,150.0,-19.918351737928752,0.0,13.0,119.0
0.0,0.0476135898117819,11.836853936376432,129.0,-19.918351737928752,0.0,13.0,119.0
0.0,0.053962068453352705,5.0990195135927845,176.0,-19.918351737928752,0.0,13.0,119.0
0.0253939145662836,0.0571363077741383,10.90998523270213,146.0,-19.918351737928752,0.0,13.0,119.0
0.0,0.076181743698851,6.205396397043815,177.0,-19.918351737928752,0.0,13.0,119.0
0.0666590257364947,0.1364922907937747,132.05943855893074,107.0,-19.918351737928752,0.0,13.0,119.0
0.1491892480769166,0.2507649063420514,125.22150985598381,108.0,-19.918351737928752,0.0,13.0,119.0
0.0190454359247127,1.5522030278640906,5.1594636252178,167.0,-19.918351737928752,0.0,13.0,119.0
0.111098376227491,17.210725597298772,27.022937350491517,170.0,-19.918351737928752,0.0,13.0,119.0
0.0190454359247127,0.0,4.272001872658765,96.0,6.173895478927726,1.0,13.0,119.0
0.0190454359247127,0.0,20.155644370746373,150.0,6.173895478927726,1.0,13.0,119.0
0.0476135898117819,0.0190454359247127,11.836853936376432,129.0,6.173895478927726,1.0,13.0,119.0
0.053962068453352705,0.0190454359247127,5.0990195135927845,176.0,6.173895478927726,1.0,13.0,119.0
0.0571363077741383,0.0507878291325673,10.90998523270213,146.0,6.173895478927726,1.0,13.0,119.0
0.076181743698851,0.03491663252864,6.205396397043815,177.0,6.173895478927726,1.0,13.0,119.0
0.1364922907937747,0.0952271796235638,132.05943855893074,107.0,6.173895478927726,1.0,13.0,119.0
0.3015527354746188,0.0,10.76291982750482,155.0,6.173895478927726,1.0,13.0,119.0
17.210725597298772,12.68108608653792,27.022937350491517,170.0,6.173895478927726,1.0,13.0,119.0
0.0190454359247127,0.0,9.86154146165801,129.0,8.043522438870376,1.0,14.0,119.0
0.03491663252864,0.0,4.373095807565668,177.0,8.043522438870376,1.0,14.0,119.0
0.076181743698851,0.0,20.203693625451546,99.0,8.043522438870376,1.0,14.0,119.0
0.2126740344926259,0.0,7.547281719265962,172.0,8.043522438870376,1.0,14.0,119.0
0.28250729954990583,0.1015756582651347,5.264623725944547,108.0,8.043522438870376,1.0,14.0,119.0
0.3269466500409024,0.3237724107201168,17.36387434391891,97.0,8.043522438870376,1.0,14.0,119.0
1.6283847715629418,0.8189537447626489,4.763952497538542,167.0,8.043522438870376,1.0,14.0,119.0
12.68108608653792,0.06665902573649451,2.0615528128088303,170.0,8.043522438870376,1.0,14.0,119.0
0.0,0.0222196752454982,9.0,129.0,-13.163570463297326,0.0,16.0,119.0
0.0,0.0222196752454982,9.486832980505138,155.0,-13.163570463297326,0.0,16.0,119.0
0.3237724107201168,0.43487078694760795,5.5901699437494745,97.0,-13.163570463297326,0.0,16.0,119.0
3.5583222786005013,3.9011401252453313,22.30937996675614,0.0,-13.163570463297326,0.0,16.0,119.0
0.06665902573649451,16.985354605523007,8.54855413375723,170.0,-13.163570463297326,0.0,16.0,119.0
0.0380908718494255,0.0,1.118033988749895,134.0,7.8181514470945785,1.0,17.0,119.0
0.0444393504909964,0.0,32.035136959282696,148.0,7.8181514470945785,1.0,17.0,119.0
0.0698332650572801,0.0,5.143599087239188,176.0,7.8181514470945785,1.0,17.0,119.0
0.0793559830196365,0.0,13.359820358073671,107.0,7.8181514470945785,1.0,17.0,119.0
0.1364922907937748,0.0190454359247127,2.626671864513947,167.0,7.8181514470945785,1.0,17.0,119.0
0.14918924807691641,0.0,8.785690960361018,108.0,7.8181514470945785,1.0,17.0,119.0
10.103603758060125,0.3269466500409022,32.76027005562756,97.0,7.8181514470945785,1.0,17.0,119.0
0.0,0.0285681538870691,31.38470965295043,148.0,-10.284535399344875,0.0,19.0,119.0
0.0,0.0920529403027783,6.052190766959224,129.0,-10.284535399344875,0.0,19.0,119.0
0.0,0.1460150087561311,23.065438310260763,107.0,-10.284535399344875,0.0,19.0,119.0
0.3269466500409022,10.878118152331776,58.9788097540125,97.0,-10.284535399344875,0.0,19.0,119.0
0.0,0.076181743698851,39.55134672520994,113.0,-5.161313135597176,0.0,20.0,119.0
0.0888787009819929,0.19045435924712759,9.712693743400216,155.0,-5.161313135597176,0.0,20.0,119.0
0.0,2.30132350756946,16.51509218551909,108.0,-5.161313135597176,0.0,20.0,119.0
10.878118152331776,11.306640460637814,8.504174719178842,97.0,-5.161313135597176,0.0,20.0,119.0
10.779716733387428,11.560579606300651,28.208058004135253,170.0,-5.161313135597176,0.0,20.0,119.0
2.30132350756946,0.0,16.51509218551909,108.0,11.811344512642705,1.0,20.0,119.0
11.560579606300651,2.8441184314237735,28.208058004135253,170.0,11.811344512642705,1.0,20.0,119.0
0.0,0.0253939145662836,25.894014752448104,176.0,-9.776657108019215,0.0,22.0,119.0
0.0571363077741383,0.0793559830196365,19.824066182294644,148.0,-9.776657108019215,0.0,22.0,119.0
0.0,3.031398551350116,17.619696196832663,108.0,-9.776657108019215,0.0,22.0,119.0
3.1583681241815333,3.828132620867266,2.5,0.0,-9.776657108019215,0.0,22.0,119.0
2.8441184314237735,12.579510428272787,25.123690701795347,170.0,-9.776657108019215,0.0,22.0,119.0
0.041265111170211,0.0,7.618880316562725,147.0,12.487457487969998,1.0,24.0,119.0
0.0444393504909964,0.0,5.769819436215542,155.0,12.487457487969998,1.0,24.0,119.0
0.0507878291325673,0.0,9.502672321510408,146.0,12.487457487969998,1.0,24.0,119.0
0.0666590257364947,0.041265111170211,9.214131904708632,108.0,12.487457487969998,1.0,24.0,119.0
0.0,0.6824614539688743,2.3089357773686654,147.0,-27.657147202003728,0.0,26.0,119.0
0.041265111170211,1.3363547540506793,6.520865254969522,108.0,-27.657147202003728,0.0,26.0,119.0
0.0571363077741382,6.542107240138836,5.127083946642416,170.0,-27.657147202003728,0.0,26.0,119.0
0.6824614539688743,0.0253939145662836,2.3089357773686654,147.0,27.882518193779504,1.0,26.0,119.0
6.542107240138836,0.1015756582651346,5.127083946642416,170.0,27.882518193779504,1.0,26.0,119.0
0.0,0.0603105470949237,3.231596091159741,173.0,-26.485852892633893,0.0,28.0,119.0
0.1015756582651346,6.818266061047173,10.316204353618874,170.0,-26.485852892633893,0.0,28.0,119.0
0.0603105470949237,0.0,3.231596091159741,173.0,28.68242650261743,1.0,28.0,119.0
0.3301208893616878,0.0,2.5495097567963922,167.0,28.68242650261743,1.0,28.0,119.0
6.818266061047173,0.1015756582651346,10.316204353618874,170.0,28.68242650261743,1.0,28.0,119.0
0.0,0.0222196752454982,14.0,129.0,-29.377584913869452,0.0,31.0,119.0
0.0444393504909963,0.0857044616612074,6.661005827069809,167.0,-29.377584913869452,0.0,31.0,119.0
0.1714089233224148,1.0570216938215589,5.789306353349232,108.0,-29.377584913869452,0.0,31.0,119.0
0.0222196752454982,0.0,14.0,129.0,1.752180105073581,1.0,31.0,119.0
0.0857044616612074,0.0,6.661005827069809,167.0,1.752180105073581,1.0,31.0,119.0
1.0570216938215589,1.0284535399344896,5.789306353349232,108.0,1.752180105073581,1.0,31.0,119.0
0.0222196752454982,0.0,20.248456731316587,173.0,13.776198652208897,1.0,33.0,119.0
0.0730075043780656,0.0,11.187692400474594,167.0,13.776198652208897,1.0,33.0,119.0
0.0,0.0190454359247127,2.692582403567252,173.0,-5.758070127904823,0.0,35.0,119.0
0.0190454359247127,1.5268091132978068,6.519202405202649,108.0,-5.758070127904823,0.0,35.0,119.0
12.33191976125152,12.484283248649222,12.529964086141668,97.0,-5.758070127904823,0.0,35.0,119.0
16.226711407855277,21.032509739524468,6.680221589776016,170.0,-5.758070127904823,0.0,35.0,119.0
0.0190454359247127,0.0,2.692582403567252,173.0,9.830619176472574,1.0,35.0,119.0
0.0285681538870691,0.0190454359247127,6.063450510952112,146.0,9.830619176472574,1.0,35.0,119.0
0.12379533351063281,0.0,5.801111321288635,155.0,9.830619176472574,1.0,35.0,119.0
21.032509739524468,12.941373710842328,6.680221589776016,170.0,9.830619176472574,1.0,35.0,119.0
0.0,0.0317423932078546,37.660722244800304,107.0,-7.599128933960394,0.0,37.0,119.0
0.0,0.24759066702126592,8.258927081843614,155.0,-7.599128933960394,0.0,37.0,119.0
1.663301404091582,1.7363089084696475,15.324856921662334,108.0,-7.599128933960394,0.0,37.0,119.0
5.545396093412201,6.332607444966994,1.8389926211276175,0.0,-7.599128933960394,0.0,37.0,119.0
1.0506732151799878,0.0571363077741382,13.009611831257688,108.0,16.039431287928927,1.0,40.0,119.0
0.0,0.0222196752454982,3.605551275463989,155.0,-17.48371017888632,0.0,42.0,119.0
0.0,0.076181743698851,6.353039517515287,167.0,-17.48371017888632,0.0,42.0,119.0
0.0190454359247127,0.1968028378886986,9.459715232440972,147.0,-17.48371017888632,0.0,42.0,119.0
0.0571363077741382,1.0379762578968459,7.158910531638177,108.0,-17.48371017888632,0.0,42.0,119.0
0.0222196752454982,0.0,3.605551275463989,155.0,29.72675123915586,1.0,42.0,119.0
0.076181743698851,0.0,6.353039517515287,167.0,29.72675123915586,1.0,42.0,119.0
0.1968028378886986,0.0190454359247127,9.459715232440972,147.0,29.72675123915586,1.0,42.0,119.0
1.0379762578968459,0.0634847864157092,7.158910531638177,108.0,29.72675123915586,1.0,42.0,119.0
6.323084727004639,0.076181743698851,2.1766426332693567,170.0,29.72675123915586,1.0,42.0,119.0
0.0,0.0730075043780656,8.477703437639187,167.0,-25.59389164349318,0.0,44.0,119.0
0.076181743698851,4.720093870007981,4.416816100180028,170.0,-25.59389164349318,0.0,44.0,119.0
0.0253939145662836,0.2602876243044077,8.017558855412288,108.0,-5.767592845867181,0.0,46.0,119.0
4.485200160269857,8.776771721971802,6.331640372118231,170.0,-5.767592845867181,0.0,46.0,119.0
9.259256098731191,4.7232681093287665,11.90895759397344,170.0,3.9201855611700402,1.0,47.0,119.0
0.0190454359247127,0.0,42.51176307799995,107.0,28.149154296725484,1.0,48.0,119.0
0.0793559830196365,0.0,8.411896337925215,147.0,28.149154296725484,1.0,48.0,119.0
0.123795333510633,0.0,11.47277599738301,165.0,28.149154296725484,1.0,48.0,119.0
4.7232681093287665,0.06348478641570901,19.0080119426198,170.0,28.149154296725484,1.0,48.0,119.0
0.0,0.0222196752454982,6.4031242374328485,167.0,-21.25153225265867,0.0,50.0,119.0
0.0,0.0444393504909964,27.59704583421038,147.0,-21.25153225265867,0.0,50.0,119.0
0.146015008756131,0.1777574019639857,5.632051136131466,155.0,-21.25153225265867,0.0,50.0,119.0
0.0,0.2158482738134114,10.247003528587246,165.0,-21.25153225265867,0.0,50.0,119.0
0.06348478641570901,19.10574647180769,12.649110640673518,170.0,-21.25153225265867,0.0,50.0,119.0
0.0,0.041265111170211,28.233389105012396,173.0,-7.024591616898235,0.0,51.0,119.0
0.0444393504909964,0.2444164277004805,8.14563220386693,147.0,-7.024591616898235,0.0,51.0,119.0
0.0380908718494255,0.0,4.231167424928698,155.0,10.135346151267978,1.0,53.0,119.0
0.0476135898117819,0.0,12.433109917563735,165.0,10.135346151267978,1.0,53.0,119.0
0.1015756582651347,0.0,10.201868701370353,173.0,10.135346151267978,1.0,53.0,119.0
0.1587119660392731,0.0380908718494255,6.906518659932825,147.0,10.135346151267978,1.0,53.0,119.0
0.0,0.0253939145662836,3.8078865529319543,155.0,-9.46240741526146,0.0,55.0,119.0
0.0,0.0888787009819929,8.231968544792249,173.0,-9.46240741526146,0.0,55.0,119.0
0.0,0.0507878291325673,5.815523407226559,147.0,-1.5172863953354465,0.0,56.0,119.0
0.0,0.0507878291325673,12.595417073285029,165.0,-1.5172863953354465,0.0,56.0,119.0
0.0,0.0634847864157092,11.947384651043947,172.0,-1.5172863953354465,0.0,56.0,119.0
1.6283847715629411,2.158482738134113,6.264982043070834,0.0,-1.5172863953354465,0.0,56.0,119.0
4.98672997295396,7.773712096603595,3.1622776601683795,170.0,-1.5172863953354465,0.0,56.0,119.0
8.802165636538085,8.887870098199292,5.220153254455275,97.0,-1.5172863953354465,0.0,56.0,119.0
0.0507878291325673,0.0,12.595417073285029,165.0,2.561611131873864,1.0,56.0,119.0
0.0634847864157092,0.0,11.947384651043947,172.0,2.561611131873864,1.0,56.0,119.0
7.773712096603595,5.723153495376187,3.1622776601683795,170.0,2.561611131873864,1.0,56.0,119.0
0.0,0.07618174369885089,27.212129648375555,108.0,-3.317080090220813,0.0,58.0,119.0
0.076181743698851,0.1206210941898474,8.760644319277533,147.0,-3.317080090220813,0.0,58.0,119.0
5.723153495376187,7.7292727461126,4.2432299018553845,170.0,-3.317080090220813,0.0,58.0,119.0
0.0634847864157092,0.0,9.108375266753077,155.0,1.2982638822012582,1.0,59.0,119.0
6.91666747999152,5.812032196358181,30.95933106512476,170.0,1.2982638822012582,1.0,59.0,119.0
5.773941324508755,7.8308484043777336,5.7870545184921,170.0,-2.028338925981913,0.0,63.0,119.0
7.8308484043777336,5.091479870539881,5.7870545184921,170.0,3.2599437824466726,1.0,63.0,119.0
0.0920529403027783,0.0,5.471469618481766,172.0,16.975831887560638,1.0,67.0,119.0
0.2571133849836224,0.1206210941898475,12.338917901725393,108.0,16.975831887560638,1.0,67.0,119.0
0.0,0.0634847864157091,3.487587318781038,172.0,-17.293255819639178,0.0,69.0,119.0
0.1206210941898475,0.2729845815875496,8.445175406959953,108.0,-17.293255819639178,0.0,69.0,119.0
0.0222196752454982,0.0190454359247127,3.1622776601683795,147.0,10.859072716407056,1.0,70.0,119.0
0.0952271796235638,0.0,5.652629673189476,172.0,10.859072716407056,1.0,70.0,119.0
0.0,0.0317423932078546,7.433034373659253,153.0,-1.3268320360883195,0.0,75.0,119.0
0.0253939145662836,0.1968028378886986,16.1585294789457,172.0,-1.3268320360883195,0.0,75.0,119.0
0.3237724107201171,0.3809087184942554,10.111874208078342,108.0,-1.3268320360883195,0.0,75.0,119.0
0.0,0.3840829578150408,24.106316040720912,146.0,-1.3268320360883195,0.0,75.0,119.0
2.752065491120995,4.113814159737957,4.911720676097125,0.0,-1.4823697628068118,0.0,80.0,119.0
3.536102603355004,5.466040110392563,7.566372975210778,170.0,-2.0473843619066265,0.0,85.0,119.0
5.50413098224199,5.770767085187968,7.5074037530368045,0.0,-2.0473843619066265,0.0,85.0,119.0
0.3142496927577607,0.0,12.929470484891958,108.0,13.061994805032185,1.0,86.0,119.0
0.5174010092880302,1.1712943093698351,10.467882416877128,108.0,-16.931392537069648,0.0,90.0,119.0
1.5141121560146653,0.10157565826513448,13.477618553477773,108.0,3.5678449965628616,1.0,92.0,119.0
0.0,0.0190454359247127,7.158910531638177,153.0,-2.6250959182895777,0.0,94.0,119.0
4.70739691272484,7.376932181505413,35.79575967990433,170.0,-2.6250959182895777,0.0,94.0,119.0
8.303810063174767,9.570331552168165,23.351321644670843,0.0,-2.6250959182895777,0.0,94.0,119.0
0.0190454359247127,0.0,7.158910531638177,153.0,11.319337417920952,1.0,94.0,119.0
13.487342874017427,11.93196560683255,15.628499608087784,97.0,5.73902469198012,1.0,95.0,119.0
0.0,0.2634618636251933,15.890488376536027,173.0,-13.93808485756896,0.0,99.0,119.0
0.0,0.1269695728314183,12.535106950082238,173.0,-9.808399501227068,0.0,102.0,119.0
1.2760442069557556,0.041265111170211,9.3298226419743,108.0,7.040462813502156,1.0,103.0,119.0
0.0,0.0253939145662836,16.710774967068403,148.0,-9.446536218657531,0.0,105.0,119.0
0.041265111170211,0.7649916763092962,23.200215516240362,108.0,-9.446536218657531,0.0,105.0,119.0
0.0285681538870691,0.0190454359247127,6.270644915343302,148.0,17.37261180265883,1.0,108.0,119.0
0.8538703772912891,0.5999312316284523,12.875573300309133,108.0,17.37261180265883,1.0,108.0,119.0
0.0190454359247127,0.0571363077741383,13.622444261376907,148.0,-7.300750437806563,0.0,110.0,119.0
0.1968028378886984,0.2317194704173386,18.873261509341738,173.0,-7.300750437806563,0.0,110.0,119.0
0.0571363077741383,0.0,13.622444261376907,148.0,6.304039291079938,1.0,110.0,119.0
0.5935827529868813,0.4697874194762483,2.1079356534927145,108.0,6.304039291079938,1.0,110.0,119.0
0.0,0.0317423932078546,4.964876634922542,148.0,-16.772680571030385,0.0,112.0,119.0
0.0,0.2952042568330479,10.027278091851306,147.0,-16.772680571030385,0.0,112.0,119.0
0.0634847864157092,0.0,5.242375415782411,148.0,14.19202400323179,1.0,113.0,119.0
0.1650604446808439,0.0444393504909964,14.434794118725767,173.0,14.19202400323179,1.0,113.0,119.0
0.3079012141161897,0.0,6.884537317488023,147.0,14.19202400323179,1.0,113.0,119.0
0.0444393504909964,0.0666590257364946,4.924428900898052,173.0,-13.169918941938874,0.0,115.0,119.0
0.0,0.165060444680844,9.321767012572591,147.0,-13.169918941938874,0.0,115.0,119.0
16.47747631419733,16.655233716161316,7.827293844338566,0.0,-1.7521801050735775,0.0,117.0,119.0
0.0380908718494255,0.0,3.5365158623204596,148.0,1.5680742244680168,1.0,117.0,119.0
0.0888787009819928,0.0190454359247127,6.103277807866851,173.0,1.5680742244680168,1.0,117.0,119.0
16.655233716161316,11.141580015956968,7.827293844338566,0.0,1.5680742244680168,1.0,117.0,119.0
0.0,0.0190454359247127,10.594810050208546,148.0,-1.714089233224147,0.0,119.0,119.0
0.0190454359247127,0.0952271796235638,9.037698822156049,173.0,-1.714089233224147,0.0,119.0,119.0
11.141580015956968,11.211413281014249,1.8245982544577148,0.0,-1.714089233224147,0.0,119.0,119.0
0.0952271796235638,0.0,9.037698822156049,173.0,16.055302484532863,1.0,119.0,119.0
0.0,0.0380908718494255,15.592466129512676,173.0,-13.9952211653431,0.0,121.0,119.0
0.09840141894434909,0.1364922907937747,2.6000635720136787,148.0,-13.9952211653431,0.0,121.0,119.0
0.1364922907937747,0.0857044616612074,2.6000635720136787,148.0,25.777997524098733,1.0,121.0,119.0
7.370583702863842,0.1142726155482765,7.010037446404977,97.0,25.777997524098733,1.0,121.0,119.0
0.0857044616612074,0.0888787009819928,3.5355339059327378,148.0,-26.285875815424408,0.0,123.0,119.0
0.0190454359247127,1.6347332502045129,11.75792887489269,108.0,-26.285875815424408,0.0,123.0,119.0
7.856242318944017,8.89739281616165,9.45228432773506,97.0,-2.329891661456525,0.0,124.0,119.0
0.0,0.0190454359247127,9.12414379544733,173.0,-1.6093393356382357,0.0,125.0,119.0
0.0380908718494255,0.1396665301145603,4.46817862079226,148.0,-1.6093393356382357,0.0,125.0,119.0
0.0,0.6634160180441615,10.93686132103289,108.0,-1.6093393356382357,0.0,125.0,119.0
6.262774179909715,6.481796693043913,35.96440374821482,170.0,-1.6093393356382357,0.0,125.0,119.0
0.1396665301145603,0.0,4.46817862079226,148.0,15.544249953886418,1.0,125.0,119.0
0.6634160180441615,0.0857044616612074,10.93686132103289,108.0,15.544249953886418,1.0,125.0,119.0
0.0190454359247127,0.0,4.272001872658765,153.0,4.386798741325499,1.0,126.0,119.0
0.1587119660392729,0.08570446166120729,9.007801944301848,173.0,4.386798741325499,1.0,126.0,119.0
0.0190454359247127,0.041265111170211,37.717495508790336,116.0,-1.5426803099017334,0.0,128.0,119.0
11.963708000040405,12.100200290834177,2.23606797749979,170.0,-1.5426803099017334,0.0,128.0,119.0
12.509677163215503,13.728585062397121,14.751271131668608,97.0,-3.139322688256833,0.0,129.0,119.0
0.0253939145662836,0.0,16.650825805346713,173.0,10.611482049385796,1.0,130.0,119.0
0.0190454359247127,0.0,11.926860441876563,108.0,4.535987989402443,1.0,131.0,119.0
0.0,0.0888787009819928,5.382077573091047,173.0,-15.725181595171197,0.0,133.0,119.0
0.0,0.0952271796235638,11.347148442572557,147.0,-15.725181595171197,0.0,133.0,119.0
0.0952271796235638,0.0,11.347148442572557,147.0,1.5045894380523137,1.0,133.0,119.0
10.179785501758971,7.481682079091329,2.318479299107023,0.0,1.5045894380523137,1.0,133.0,119.0
0.0285681538870691,0.1110983762274911,1.9583416557935238,173.0,-16.915521340465716,0.0,137.0,119.0
0.0222196752454982,0.1968028378886986,14.985129639137927,147.0,-16.915521340465716,0.0,137.0,119.0
0.1110983762274911,0.0793559830196365,1.9583416557935238,173.0,19.15018582229868,1.0,137.0,119.0
69.23968230429325,49.3213305663645,33.01893396219811,119.0,1.5331575919393778,1.0,12.0,167.0
0.0507878291325673,0.1745831626432004,17.730442607033922,173.0,-10.862246955727851,0.0,1.0,170.0
0.1745831626432004,0.0,17.730442607033922,173.0,11.706594615056783,1.0,1.0,170.0
0.0222196752454982,0.0,16.0312195418814,177.0,4.859760400122543,1.0,2.0,170.0
45.00436509009627,40.360452963787154,10.056055904529844,119.0,4.859760400122543,1.0,2.0,170.0
0.0,0.1364922907937748,2.7736884748549957,177.0,-16.20449173260978,0.0,4.0,170.0
0.1364922907937747,2.2124448065874667,9.86154146165801,167.0,-16.20449173260978,0.0,4.0,170.0
0.1364922907937748,0.117446854869062,2.7736884748549957,177.0,13.925387900285822,1.0,4.0,170.0
2.2124448065874667,0.0730075043780655,9.86154146165801,167.0,13.925387900285822,1.0,4.0,170.0
0.0730075043780655,0.9554460355564238,18.445866745696716,167.0,-8.233976798117489,0.0,6.0,170.0
0.1015756582651347,0.0,7.588604223603969,177.0,7.021417377577442,1.0,6.0,170.0
44.26159308903247,57.95843575822175,9.394147114027968,119.0,-12.65251793265085,0.0,8.0,170.0
58.815480374833825,39.874794347706974,9.5524865872714,119.0,18.797845257691502,1.0,9.0,170.0
0.0,0.041265111170211,3.2888551271433775,173.0,-17.98206575224964,0.0,11.0,170.0
0.8348249413665765,0.9395748389524965,21.633307652783937,183.0,-17.98206575224964,0.0,11.0,170.0
39.874794347706974,70.00784821992335,3.5,119.0,-17.98206575224964,0.0,11.0,170.0
69.23968230429325,49.3213305663645,23.964561734737742,119.0,17.09962722107128,1.0,12.0,170.0
0.0,0.2126740344926259,16.488991311911608,172.0,-4.529639510760852,0.0,14.0,170.0
1.5522030278640906,1.6283847715629418,11.629703349613008,167.0,-4.529639510760852,0.0,14.0,170.0
49.3213305663645,55.49522604529223,3.640054944640259,119.0,-4.529639510760852,0.0,14.0,170.0
0.0190454359247127,0.03491663252864,54.48853090330111,176.0,-12.614427060801425,0.0,15.0,170.0
55.49522604529223,63.5387484841626,6.903210918670722,119.0,-12.614427060801425,0.0,15.0,170.0
0.03491663252864,0.0,54.48853090330111,176.0,16.91869557978651,1.0,15.0,170.0
63.5387484841626,50.37517802086528,6.903210918670722,119.0,16.91869557978651,1.0,15.0,170.0
0.0,0.0698332650572801,22.63147994050588,176.0,-5.723153495376188,0.0,17.0,170.0
0.8094310268002927,0.8475218986497183,9.499510320043385,183.0,-1.3617486686169613,0.0,19.0,170.0
42.09993611157757,53.911280624220275,34.70230539892127,119.0,-8.716461174876878,0.0,21.0,170.0
0.7967340695171509,0.7745143942716526,11.608509938885396,183.0,9.735391996849014,1.0,21.0,170.0
53.911280624220275,44.13462351620106,34.70230539892127,119.0,9.735391996849014,1.0,21.0,170.0
0.0190454359247127,0.0476135898117819,35.9204677029685,176.0,-12.703305761783419,0.0,25.0,170.0
44.10922960163478,56.59668708960478,21.688211620932364,119.0,-12.703305761783419,0.0,25.0,170.0
0.0476135898117819,0.0,35.9204677029685,176.0,6.484970932364697,1.0,25.0,170.0
56.59668708960478,28.93953988760105,21.688211620932364,119.0,6.484970932364697,1.0,25.0,170.0
28.93953988760105,56.822058081380554,16.034399229776046,119.0,-6.440531581873701,0.0,27.0,170.0
56.822058081380554,30.33620518874666,16.034399229776046,119.0,6.716690402782039,1.0,27.0,170.0
0.4253480689852518,0.942749078273282,46.18477307505474,183.0,-6.716690402782039,0.0,29.0,170.0
0.8284764627250053,0.4443935049099645,15.251621092534878,183.0,9.179900115711556,1.0,30.0,170.0
28.739562810391565,30.491742915465146,2.069118169655856,119.0,-2.1489600201717582,0.0,32.0,170.0
0.0222196752454982,0.0,3.1622776601683795,173.0,9.31321816718454,1.0,33.0,170.0
44.455221687600385,38.69715155969556,13.46291201783626,119.0,4.805798331669191,1.0,34.0,170.0
0.8189537447626491,0.8792642918575729,12.241580757545007,183.0,-8.09113602868214,0.0,36.0,170.0
38.69715155969556,48.52777073616814,5.473452081269241,119.0,-8.09113602868214,0.0,36.0,170.0
0.8792642918575729,0.1206210941898475,12.241580757545007,183.0,6.183418196890081,1.0,36.0,170.0
48.52777073616814,40.92864180220774,5.473452081269241,119.0,6.183418196890081,1.0,36.0,170.0
0.1206210941898475,0.4094768723813246,9.561235407764267,183.0,-12.287480410760525,0.0,38.0,170.0
0.4158253510228955,0.1047498975859202,10.471149431375705,183.0,6.180243957569294,1.0,40.0,170.0
0.1047498975859202,0.4285223083060372,9.72753822917186,183.0,-6.859531172217384,0.0,42.0,170.0
28.257078433632174,57.98382967278803,13.0862523283024,119.0,-6.246902983305788,0.0,43.0,170.0
57.98382967278803,32.38993802929485,13.0862523283024,119.0,4.64391212630913,1.0,43.0,170.0
0.3840829578150408,0.3428178466448298,14.476803147906605,183.0,4.291571561701945,1.0,45.0,170.0
31.53606765200356,25.76847480613638,13.237609819756129,119.0,4.291571561701945,1.0,45.0,170.0
0.0,0.123795333510633,7.354327130857448,165.0,-4.535987989402424,0.0,48.0,170.0
0.0,0.4031283937397536,13.120106945997499,183.0,-13.674622993943768,0.0,51.0,170.0
0.1015756582651347,0.0476135898117819,9.898755051141533,165.0,1.9013693531504918,1.0,52.0,170.0
28.768130964278637,28.009487766610913,9.872635661830254,119.0,1.9013693531504918,1.0,52.0,170.0
0.0476135898117819,0.0,72.90849668515243,165.0,11.420913076186093,1.0,53.0,170.0
0.3840829578150408,0.0,10.887437814525216,183.0,11.420913076186093,1.0,53.0,170.0
0.0,0.0888787009819929,31.897955919411714,173.0,-14.131713456136875,0.0,55.0,170.0
0.0,0.3872571971358263,9.74038849151304,183.0,-14.131713456136875,0.0,55.0,170.0
0.0888787009819929,0.0,31.897955919411714,173.0,2.7869821236496355,1.0,55.0,170.0
0.3872571971358263,0.3809087184942554,9.74038849151304,183.0,2.7869821236496355,1.0,55.0,170.0
28.68242650261743,27.165140107281985,8.68389313614581,119.0,2.7869821236496355,1.0,55.0,170.0
0.3809087184942554,0.41265111170211,10.189175135447808,183.0,-2.050558601227408,0.0,57.0,170.0
27.165140107281985,29.72675123915585,16.64347025234873,119.0,-2.050558601227408,0.0,57.0,170.0
29.72675123915585,26.409671148935036,16.64347025234873,119.0,2.006119250736413,1.0,57.0,170.0
29.041115545866187,29.888637444515908,16.922107660231454,119.0,-1.7236119511865056,0.0,62.0,170.0
0.47613589811781926,0.3840829578150408,9.573807329169853,183.0,2.056907079868979,1.0,62.0,170.0
29.888637444515908,27.860298518533995,16.922107660231454,119.0,2.056907079868979,1.0,62.0,170.0
0.3840829578150408,0.40947687238132446,6.7107724250828635,183.0,-2.739368533837853,0.0,64.0,170.0
27.860298518533995,31.120242300980667,20.500223474111834,119.0,-2.739368533837853,0.0,64.0,170.0
0.0920529403027783,0.0,19.322286947704125,172.0,6.284993855155214,1.0,67.0,170.0
0.0,0.0634847864157091,15.402921800749363,172.0,-5.713630777413831,0.0,69.0,170.0
0.0,0.0380908718494255,5.5901699437494745,183.0,-1.8093164128477124,0.0,73.0,170.0
0.0,0.0857044616612074,18.828170383762732,172.0,-1.8093164128477124,0.0,73.0,170.0
29.666440692060924,30.64093216354206,8.947721966794772,119.0,-1.8093164128477124,0.0,73.0,170.0
0.0,0.0190454359247127,22.940139493908923,173.0,-1.3141350788051813,0.0,81.0,170.0
0.0,0.047613589811781806,12.206555615733702,173.0,-1.7204377118657206,0.0,91.0,170.0
0.0,0.4570904621931065,10.44605345540642,183.0,-1.7204377118657206,0.0,91.0,170.0
29.041115545866184,30.025129735309683,16.613489867207857,119.0,-1.7204377118657206,0.0,91.0,170.0
29.120471528885822,32.688316525448684,19.591419352230247,119.0,-3.1329742096152513,0.0,93.0,170.0
32.688316525448684,30.063220607159106,19.591419352230247,119.0,2.6695352687805736,1.0,93.0,170.0
0.0190454359247127,0.0,11.01135777277262,153.0,9.74174047549058,1.0,94.0,170.0
0.4666131801554629,0.0317423932078546,12.081427727011262,183.0,9.74174047549058,1.0,94.0,170.0
0.0317423932078546,0.0603105470949237,7.442112707507631,183.0,-3.593238911129143,0.0,96.0,170.0
0.0253939145662836,0.1015756582651347,8.898257924045607,173.0,-3.593238911129143,0.0,96.0,170.0
26.40014843097268,27.600010894229587,38.038993151764664,0.0,-3.593238911129143,0.0,96.0,170.0
41.38255802508006,47.12158271706018,41.67968629920331,119.0,-3.593238911129143,0.0,96.0,170.0
0.0603105470949237,0.3777344791734698,10.014756773062206,183.0,-5.761244367225611,0.0,97.0,170.0
0.3777344791734698,0.0,10.014756773062206,183.0,6.05010014541709,1.0,97.0,170.0
0.0,0.2634618636251933,13.067541195382443,173.0,-8.503787140384253,0.0,99.0,170.0
0.0,0.3205981713993316,11.397308339625265,183.0,-8.503787140384253,0.0,99.0,170.0
0.2634618636251933,0.0,13.067541195382443,173.0,2.120391866284688,1.0,99.0,170.0
30.31398551350116,29.87594048723276,6.082762530298219,119.0,2.120391866284688,1.0,99.0,170.0
0.4221738296644664,0.0,10.308049234312694,183.0,11.785950598076422,1.0,100.0,170.0
0.0,0.1269695728314183,13.541746794634731,173.0,-11.532011452413585,0.0,102.0,170.0
0.0,0.4570904621931065,10.156054722719045,183.0,-11.532011452413585,0.0,102.0,170.0
0.3967799150981827,0.0,8.155167196324081,183.0,12.766790548199126,1.0,103.0,170.0
0.0,0.4189995903436808,4.634281227979157,183.0,-12.817578377331694,0.0,105.0,170.0
0.4285223083060373,0.0,10.839315220905872,183.0,5.453343153109425,1.0,108.0,170.0
19.01369353150491,18.508989479500023,29.31776338672512,0.0,5.288282708428575,1.0,109.0,170.0
44.48696408080824,37.18621364300168,3.4781733828110726,119.0,5.288282708428575,1.0,109.0,170.0
0.2317194704173386,0.31742393207854586,103.16683132221408,173.0,-3.5710192358836412,0.0,111.0,170.0
37.18621364300168,43.49025293408162,5.893076514758582,119.0,-3.5710192358836412,0.0,111.0,170.0
0.0,0.041265111170211,7.280109889280518,183.0,-7.04998553146451,0.0,112.0,170.0
0.1650604446808439,0.0444393504909964,8.16169597877794,173.0,6.7674782319146045,1.0,113.0,170.0
0.5205752486088155,0.0,13.29362015833394,183.0,6.7674782319146045,1.0,113.0,170.0
0.0444393504909964,0.0666590257364946,5.220153254455275,173.0,-6.888099326104451,0.0,115.0,170.0
0.0,0.4824843767593902,8.67930716646763,183.0,-6.888099326104451,0.0,115.0,170.0
0.0952271796235638,0.0,13.148383931114871,173.0,4.234435253927805,1.0,119.0,170.0
0.0,0.0380908718494255,18.388175548433292,173.0,-4.123336877700315,0.0,121.0,170.0
0.3904314364566117,0.0,9.097037845418487,183.0,5.231146400654442,1.0,125.0,170.0
0.0,0.0698332650572801,8.940806257207765,183.0,-6.897622044066806,0.0,130.0,170.0
0.0253939145662836,0.0,6.5,173.0,11.830389948567419,1.0,130.0,170.0
0.0698332650572801,0.0,8.940806257207765,183.0,11.830389948567419,1.0,130.0,170.0
20.4135330719713,24.34641559042449,8.991839944948303,0.0,-6.192940914852439,0.0,132.0,170.0
36.25616152201154,40.79214951141398,9.962429422585638,119.0,-6.192940914852439,0.0,132.0,170.0
0.0,0.0888787009819928,15.371484914492015,173.0,-4.558207664647923,0.0,133.0,170.0
0.0,0.43487078694760817,7.716748289194758,183.0,-4.558207664647923,0.0,133.0,170.0
0.4316965476268228,0.0,10.756928241385214,183.0,4.958161819066891,1.0,135.0,170.0
0.0285681538870691,0.1110983762274911,6.7022993313139425,173.0,-5.589835443903198,0.0,137.0,170.0
0.0,0.3967799150981827,7.573837072448832,183.0,-5.589835443903198,0.0,137.0,170.0
0.1110983762274911,0.0793559830196365,6.7022993313139425,173.0,3.0567924659164003,1.0,137.0,170.0
0.3967799150981827,0.0,7.573837072448832,183.0,3.0567924659164003,1.0,137.0,170.0
0.0,0.1206210941898474,3.605551275463989,181.0,-1.5172863953354503,0.0,6.0,185.0
0.1206210941898474,0.0,3.605551275463989,181.0,1.4664985662028835,1.0,6.0,185.0
0.5427949238543138,0.2793330602291206,13.509256086106296,194.0,1.612513574959015,1.0,26.0,186.0
0.2793330602291206,0.6856356932896597,13.076923076923087,194.0,-1.6283847715629423,0.0,28.0,186.0
1.0316277792552748,0.5205752486088158,16.756653992395446,194.0,1.5617257458264473,1.0,67.0,193.0
0.5205752486088158,0.9935369074058494,19.07270114961973,194.0,-1.7331346691488623,0.0,69.0,193.0
0.495181334042532,0.0,10.49330779816398,194.0,1.5807711817511598,1.0,88.0,193.0
0.0,0.4920070947217466,9.873685057145641,194.0,-1.403013779787174,0.0,90.0,193.0
0.8094310268002927,0.0,6.555760592137145,194.0,1.7934452162437862,1.0,94.0,193.0
0.0539620684533528,0.0,6.072799414896233,194.0,1.666475643412367,1.0,103.0,193.0
0.0,0.5618403597790266,6.7957321392652,194.0,-1.7236119511865053,0.0,105.0,193.0
0.0666590257364947,0.0285681538870691,12.908275747226647,194.0,1.8410588060555677,1.0,108.0,193.0
0.0,0.2793330602291206,17.04780665589739,196.0,-2.2314902425121796,0.0,112.0,193.0
0.0,0.03491663252864,4.664796949333603,196.0,-1.425233455032672,0.0,133.0,193.0
0.0190454359247127,0.0,4.272001872658765,196.0,1.8664527206218517,1.0,135.0,193.0
1.9299375070375608,0.0,12.126894467472196,186.0,1.831536088093211,1.0,29.0,194.0
0.0,1.072892890425486,8.230822404211501,186.0,-2.2473614391161068,0.0,31.0,194.0
1.8791496779049932,0.0,9.484601000351292,186.0,2.044210122585837,1.0,35.0,194.0
0.0,1.0062338646889917,9.60837348811361,186.0,-2.2473614391161068,0.0,38.0,194.0
0.8633930952536456,0.0253939145662836,6.53156843688214,186.0,1.9235890283959898,1.0,40.0,194.0
0.0,0.1079241369067057,17.034389194359516,190.0,-2.1362630628886157,0.0,42.0,194.0
0.0,0.7459462403845835,2.8756702527314966,193.0,-2.1362630628886157,0.0,42.0,194.0
0.1079241369067057,0.0,17.034389194359516,190.0,1.7521801050735748,1.0,42.0,194.0
0.7459462403845835,0.0,2.8756702527314966,193.0,1.7521801050735748,1.0,42.0,194.0
0.0,0.7173780864975143,1.7162951957169181,193.0,-1.828361848772426,0.0,44.0,194.0
0.7872113515547945,0.0,4.964364753293853,193.0,2.3648082939851687,1.0,48.0,194.0
0.0,0.4412192655891792,8.789674153226073,186.0,-1.7077407545825785,0.0,51.0,194.0
0.955446035556424,0.0,9.277063467466316,193.0,1.6633014040915821,1.0,86.0,194.0
0.0,0.9459233175940676,13.950450257413836,193.0,-1.7299604298280769,0.0,88.0,194.0
