Volume_pre,Volume_post,Distance,Nearest_Label,y_corr,x_corr,Volume_diff,isFusion,Frame,Label
0.0,0.0,0.0,0.0,386.0786416443253,312.124218051832,4.609999999999998,1.0,0.0,1.0
12.450000000000005,4.510000000000001,13.14095914521597,3.0,347.918875502008,407.52369477911645,-8.190000000000001,0.0,2.0,1.0
0.0,0.0,0.0,0.0,393.3942307692308,248.96153846153845,5.739999999999998,1.0,3.0,1.0
0.0,0.0,0.0,0.0,383.3262411347518,304.0549645390071,5.739999999999998,1.0,3.0,1.0
0.0,0.0,0.0,0.0,393.0046296296296,249.29166666666666,-5.799999999999999,0.0,5.0,1.0
0.0,0.0,0.0,0.0,382.8454545454546,304.0272727272727,-5.799999999999999,0.0,5.0,1.0
0.0,0.0,0.0,0.0,393.07296137339057,249.5107296137339,4.640000000000001,1.0,6.0,1.0
0.0,0.0,0.0,0.0,383.1241496598639,304.3350340136054,4.640000000000001,1.0,6.0,1.0
0.0,0.0,0.0,0.0,395.56375838926175,241.28859060402684,-11.720000000000004,0.0,13.0,1.0
0.0,0.0,0.0,0.0,395.56375838926175,241.28859060402684,16.340000000000003,1.0,13.0,1.0
1.4100000000000004,1.3300000000000003,6.497263261938288,2.0,253.82269503546098,297.92907801418437,-6.18,0.0,15.0,1.0
3.650000000000001,3.620000000000001,6.497263261938288,2.0,271.64109589041095,321.15616438356165,-6.18,0.0,15.0,1.0
8.010000000000002,6.1800000000000015,11.095203862221085,3.0,359.73283395755305,412.8876404494382,-3.7600000000000007,0.0,16.0,1.0
8.160000000000002,1.4100000000000004,11.095203862221085,2.0,268.22549019607845,333.9595588235294,-3.7600000000000007,0.0,16.0,1.0
8.160000000000002,3.650000000000001,11.095203862221085,2.0,268.22549019607845,333.9595588235294,-3.7600000000000007,0.0,16.0,1.0
8.160000000000002,2.2300000000000004,11.095203862221085,2.0,268.22549019607845,333.9595588235294,-3.7600000000000007,0.0,16.0,1.0
14.710000000000004,8.180000000000001,6.163146817837866,3.0,341.29911624745074,409.2984364377974,-0.2599999999999998,0.0,19.0,1.0
14.710000000000004,6.590000000000002,6.163146817837866,3.0,341.29911624745074,409.2984364377974,-0.2599999999999998,0.0,19.0,1.0
4.48,4.680000000000001,11.044629996858522,2.0,266.90384615384613,309.6666666666667,0.33000000000000007,1.0,20.0,1.0
0.0,0.0,0.0,0.0,395.5655172413793,241.66206896551725,4.9,1.0,22.0,1.0
0.0,0.0,0.0,0.0,385.24889543446244,299.7275405007364,4.9,1.0,22.0,1.0
0.0,0.0,0.0,0.0,359.30534351145036,281.1832061068702,-0.4200000000000017,0.0,26.0,1.0
0.0,0.0,0.0,0.0,392.96934865900386,325.62452107279694,-0.4200000000000017,0.0,26.0,1.0
0.0,0.0,0.0,0.0,392.52830188679246,264.2129380053908,-0.4200000000000017,0.0,26.0,1.0
0.0,0.0,0.0,0.0,378.9550561797753,395.0299625468165,-0.4200000000000017,0.0,26.0,1.0
0.0,0.0,0.0,0.0,359.30534351145036,281.1832061068702,0.4700000000000024,1.0,26.0,1.0
0.0,0.0,0.0,0.0,392.96934865900386,325.62452107279694,0.4700000000000024,1.0,26.0,1.0
0.0,0.0,0.0,0.0,392.52830188679246,264.2129380053908,0.4700000000000024,1.0,26.0,1.0
0.0,0.0,0.0,0.0,378.9550561797753,395.0299625468165,0.4700000000000024,1.0,26.0,1.0
0.0,0.0,0.0,0.0,392.83141762452107,324.9961685823755,0.7299999999999986,1.0,27.0,1.0
0.0,0.0,0.0,0.0,379.0,395.3069679849341,0.7299999999999986,1.0,27.0,1.0
0.0,0.0,0.0,0.0,383.06159420289856,270.28985507246375,0.7299999999999986,1.0,27.0,1.0
0.0,0.0,0.0,0.0,383.38310412573674,269.60117878192534,0.33999999999999986,1.0,29.0,1.0
0.0,0.0,0.0,0.0,383.8491484184915,371.43917274939173,0.33999999999999986,1.0,29.0,1.0
7.350000000000001,5.480000000000001,24.85719266609213,1.0,385.5768707482993,281.9387755102041,-1.7599999999999998,0.0,31.0,1.0
5.050000000000001,3.980000000000001,3.512216293974138,3.0,345.970297029703,440.6039603960396,-1.7599999999999998,0.0,31.0,1.0
0.0,0.0,0.0,0.0,388.8369565217391,358.9619565217391,-2.200000000000001,0.0,32.0,1.0
0.0,0.0,0.0,0.0,385.5515923566879,281.85350318471336,-2.200000000000001,0.0,32.0,1.0
0.0,0.0,0.0,0.0,392.3125,319.9513888888889,-0.3200000000000003,0.0,33.0,1.0
0.0,0.0,0.0,0.0,389.10869565217394,358.7554347826087,-0.3200000000000003,0.0,33.0,1.0
0.0,0.0,0.0,0.0,384.2758620689655,272.11494252873564,-0.3200000000000003,0.0,33.0,1.0
0.0,0.0,0.0,0.0,392.3125,319.9513888888889,0.5600000000000023,1.0,33.0,1.0
0.0,0.0,0.0,0.0,389.10869565217394,358.7554347826087,0.5600000000000023,1.0,33.0,1.0
0.0,0.0,0.0,0.0,384.2758620689655,272.11494252873564,0.5600000000000023,1.0,33.0,1.0
0.9500000000000002,0.91,9.358424149439378,2.0,267.90526315789475,347.3157894736842,-0.5000000000000018,0.0,36.0,1.0
1.7000000000000004,1.7500000000000004,5.1389056731522444,3.0,334.98285714285714,389.5942857142857,0.41000000000000014,1.0,37.0,1.0
1.3300000000000003,8.140000000000002,5.1389056731522444,3.0,323.15233415233416,436.03931203931205,0.41000000000000014,1.0,37.0,1.0
8.820000000000002,3.4700000000000006,3.8747621866273785,3.0,357.00566893424036,425.04761904761904,-0.5399999999999991,0.0,39.0,1.0
0.0,0.0,0.0,0.0,394.55629139072846,242.39735099337747,-3.2600000000000016,0.0,40.0,1.0
0.0,0.0,0.0,0.0,380.13397129186603,281.35406698564594,-3.2600000000000016,0.0,40.0,1.0
0.0,0.0,0.0,0.0,394.2207792207792,242.7792207792208,11.200000000000003,1.0,41.0,1.0
0.0,0.0,0.0,0.0,380.43107769423557,281.328320802005,11.200000000000003,1.0,41.0,1.0
1.7200000000000004,1.4400000000000004,5.167979315368994,4.0,344.50581395348837,553.0348837209302,-3.099999999999998,0.0,44.0,1.0
2.28,1.4900000000000002,5.167979315368994,3.0,334.2368421052632,438.74122807017545,-3.099999999999998,0.0,44.0,1.0
5.040000000000001,1.8000000000000005,5.167979315368994,2.0,269.0436507936508,310.3968253968254,-3.099999999999998,0.0,44.0,1.0
5.040000000000001,3.7200000000000006,5.167979315368994,2.0,269.0436507936508,310.3968253968254,-3.099999999999998,0.0,44.0,1.0
5.9300000000000015,5.200000000000001,5.167979315368994,2.0,280.13996627318716,399.71838111298484,-3.099999999999998,0.0,44.0,1.0
0.0,0.0,0.0,0.0,391.86516853932585,270.1685393258427,-0.5400000000000009,0.0,45.0,1.0
0.0,0.0,0.0,0.0,394.18939393939394,241.28787878787878,-0.5400000000000009,0.0,45.0,1.0
0.0,0.0,0.0,0.0,376.15081967213115,283.8524590163934,-0.5400000000000009,0.0,45.0,1.0
0.0,0.0,0.0,0.0,380.079478054567,380.84934756820877,-0.5400000000000009,0.0,45.0,1.0
0.0,0.0,0.0,0.0,387.5,269.5,0.40000000000000213,1.0,47.0,1.0
0.0,0.0,0.0,0.0,394.48175182481754,241.5109489051095,0.40000000000000213,1.0,47.0,1.0
0.0,0.0,0.0,0.0,380.24,281.1,0.40000000000000213,1.0,47.0,1.0
0.0,0.0,0.0,0.0,379.88547815820544,382.0625737898465,0.40000000000000213,1.0,47.0,1.0
0.0,0.0,0.0,0.0,394.35460992907804,241.65248226950354,0.6400000000000006,1.0,49.0,1.0
0.0,0.0,0.0,0.0,368.3820224719101,282.9887640449438,0.6400000000000006,1.0,49.0,1.0
0.0,0.0,0.0,0.0,389.7315436241611,289.0,0.6400000000000006,1.0,49.0,1.0
0.0,0.0,0.0,0.0,379.160248447205,386.80496894409936,0.6400000000000006,1.0,49.0,1.0
4.670000000000001,4.710000000000001,6.383806577795297,2.0,268.8492569002123,310.2335456475584,0.6000000000000014,1.0,51.0,1.0
2.2200000000000006,7.850000000000001,6.383806577795297,2.0,287.38216560509557,403.87133757961783,0.6000000000000014,1.0,51.0,1.0
12.940000000000005,13.050000000000002,6.383806577795297,4.0,334.64827586206894,565.5095785440614,0.6000000000000014,1.0,51.0,1.0
1.5600000000000005,1.5300000000000002,74.24266283692488,1.0,393.37820512820514,338.0,-0.6599999999999984,0.0,57.0,1.0
2.7100000000000004,2.5300000000000007,5.049651769000059,3.0,326.7121771217712,394.32841328413286,-0.6599999999999984,0.0,57.0,1.0
15.160000000000004,15.140000000000002,5.049651769000059,3.0,339.5013192612137,418.6154353562005,-0.6599999999999984,0.0,57.0,1.0
18.090000000000003,17.490000000000002,5.782730134500514,3.0,334.57269209508013,413.338861249309,-0.2599999999999998,0.0,63.0,1.0
18.090000000000003,2.2700000000000005,5.782730134500514,3.0,334.57269209508013,413.338861249309,-0.2599999999999998,0.0,63.0,1.0
1.7100000000000004,1.6100000000000003,5.113350990971116,2.0,277.7368421052632,302.9824561403509,-0.33000000000000007,0.0,66.0,1.0
8.920000000000002,6.4700000000000015,5.113350990971116,3.0,303.17825112107624,409.0145739910314,-0.33000000000000007,0.0,66.0,1.0
1.9100000000000004,2.01,47.04351222271313,1.0,394.7860696517413,242.07462686567163,6.310000000000002,1.0,71.0,1.0
8.920000000000002,9.300000000000002,7.756719874713204,3.0,302.7,408.3451612903226,6.310000000000002,1.0,71.0,1.0
1.5700000000000005,1.5200000000000002,10.669635045629615,4.0,375.9490445859873,565.71974522293,-0.75,0.0,73.0,1.0
2.0600000000000005,1.5200000000000002,10.669635045629615,2.0,259.1019417475728,301.52912621359224,-0.75,0.0,73.0,1.0
4.980000000000001,4.900000000000001,10.669635045629615,4.0,331.2550200803213,522.6746987951807,-0.75,0.0,73.0,1.0
7.570000000000001,7.580000000000002,28.12956620688504,1.0,379.94063324538257,385.2018469656992,0.259999999999998,1.0,73.0,1.0
1.5200000000000002,1.8600000000000003,10.669635045629615,4.0,343.14516129032256,562.5913978494624,0.259999999999998,1.0,73.0,1.0
1.4800000000000002,2.0600000000000005,10.669635045629615,2.0,259.1019417475728,301.52912621359224,0.259999999999998,1.0,73.0,1.0
1.5200000000000002,2.4300000000000006,10.669635045629615,4.0,340.3539094650206,637.8148148148148,0.259999999999998,1.0,73.0,1.0
1.6300000000000003,2.5400000000000005,10.417098549165022,4.0,340.1732283464567,637.6456692913385,0.7400000000000002,1.0,74.0,1.0
2.890000000000001,11.450000000000005,10.417098549165022,4.0,333.2768558951965,552.7013100436682,0.7400000000000002,1.0,74.0,1.0
2.5800000000000005,11.450000000000005,10.417098549165022,4.0,333.2768558951965,552.7013100436682,0.7400000000000002,1.0,74.0,1.0
0.9400000000000002,0.91,24.362522843339033,2.0,267.77659574468083,323.7340425531915,-0.4400000000000013,0.0,78.0,1.0
1.5600000000000005,1.5300000000000002,24.362522843339033,2.0,268.0128205128205,360.94871794871796,-0.4400000000000013,0.0,78.0,1.0
3.2100000000000004,3.1600000000000006,24.362522843339033,4.0,341.9688473520249,447.68224299065423,-0.4400000000000013,0.0,78.0,1.0
3.790000000000001,3.730000000000001,24.362522843339033,2.0,264.4063324538259,300.9076517150396,-0.4400000000000013,0.0,78.0,1.0
4.900000000000001,2.3300000000000005,24.362522843339033,4.0,333.76326530612243,586.3795918367347,-0.4400000000000013,0.0,78.0,1.0
9.18,6.450000000000001,24.362522843339033,3.0,302.72657952069716,408.44008714596947,-0.4400000000000013,0.0,78.0,1.0
0.0,0.0,0.0,0.0,387.17267267267266,268.02252252252254,-7.8500000000000005,0.0,79.0,1.0
0.0,0.0,0.0,0.0,387.17267267267266,268.02252252252254,1.3200000000000003,1.0,79.0,1.0
0.0,0.0,0.0,0.0,391.4822695035461,340.1276595744681,1.04,1.0,80.0,1.0
0.0,0.0,0.0,0.0,387.9741248097412,267.9421613394216,1.04,1.0,80.0,1.0
0.91,1.7800000000000002,3.865221963665513,3.0,330.6292134831461,391.7808988764045,0.2900000000000009,1.0,81.0,1.0
3.730000000000001,3.880000000000001,3.865221963665513,2.0,263.42783505154637,300.8479381443299,0.2900000000000009,1.0,81.0,1.0
14.290000000000004,15.410000000000004,3.865221963665513,3.0,330.9020116807268,418.40233614536015,0.2900000000000009,1.0,81.0,1.0
0.0,0.0,0.0,0.0,388.5104166666667,368.25,0.5899999999999999,1.0,83.0,1.0
0.0,0.0,0.0,0.0,391.0,339.3956834532374,0.5899999999999999,1.0,83.0,1.0
0.0,0.0,0.0,0.0,386.6474926253687,268.5147492625369,0.5899999999999999,1.0,83.0,1.0
4.900000000000001,5.250000000000001,28.531741766093432,1.0,384.23047619047617,275.73333333333335,3.67,1.0,86.0,1.0
0.9800000000000002,1.0100000000000002,8.51548161895656,3.0,364.45544554455444,398.6831683168317,3.67,1.0,86.0,1.0
0.9800000000000002,8.660000000000002,8.51548161895656,3.0,354.29099307159356,428.6200923787529,3.67,1.0,86.0,1.0
3.0200000000000005,2.0000000000000004,6.834461964435543,3.0,298.70529801324506,412.3079470198675,-0.46000000000000085,0.0,89.0,1.0
3.2700000000000005,1.6900000000000004,6.834461964435543,2.0,273.25688073394497,309.6391437308869,-0.46000000000000085,0.0,89.0,1.0
9.460000000000004,9.44,6.834461964435543,4.0,342.4651162790698,542.8171247357294,-0.46000000000000085,0.0,89.0,1.0
5.020000000000001,5.180000000000001,26.565593639745735,1.0,383.3243243243243,275.1988416988417,0.6499999999999986,1.0,89.0,1.0
1.8000000000000005,1.8100000000000005,6.834461964435543,2.0,254.37016574585635,294.646408839779,0.6499999999999986,1.0,89.0,1.0
1.8900000000000003,3.0200000000000005,6.834461964435543,3.0,298.70529801324506,412.3079470198675,0.6499999999999986,1.0,89.0,1.0
3.120000000000001,3.2700000000000005,6.834461964435543,2.0,273.25688073394497,309.6391437308869,0.6499999999999986,1.0,89.0,1.0
0.0,0.0,0.0,0.0,386.37925925925924,266.38666666666666,-0.5300000000000011,0.0,91.0,1.0
0.0,0.0,0.0,0.0,379.7982565379826,385.4159402241594,-0.5300000000000011,0.0,91.0,1.0
4.670000000000001,4.5200000000000005,21.32427318224081,4.0,336.7880085653105,444.779443254818,-0.5499999999999989,0.0,92.0,1.0
7.630000000000002,1.9000000000000004,21.32427318224081,3.0,301.3473132372215,404.04849279161203,-0.5499999999999989,0.0,92.0,1.0
7.630000000000002,5.380000000000001,21.32427318224081,3.0,301.3473132372215,404.04849279161203,-0.5499999999999989,0.0,92.0,1.0
4.570000000000001,4.670000000000001,21.32427318224081,4.0,336.7880085653105,444.779443254818,0.41999999999999993,1.0,92.0,1.0
3.370000000000001,6.260000000000002,21.32427318224081,4.0,335.0271565495208,610.1869009584665,0.41999999999999993,1.0,92.0,1.0
5.020000000000001,9.230000000000002,21.32427318224081,4.0,342.4528710725894,543.1657638136511,0.41999999999999993,1.0,92.0,1.0
6.600000000000001,9.230000000000002,21.32427318224081,4.0,342.4528710725894,543.1657638136511,0.41999999999999993,1.0,92.0,1.0
1.6300000000000003,1.6400000000000003,22.314001377501604,2.0,268.7073170731707,361.25,0.6900000000000013,1.0,93.0,1.0
4.870000000000001,5.120000000000001,22.314001377501604,2.0,266.171875,303.677734375,0.6900000000000013,1.0,93.0,1.0
0.0,0.0,0.0,0.0,385.76278409090907,266.03267045454544,0.4800000000000004,1.0,94.0,1.0
0.0,0.0,0.0,0.0,379.9457831325301,384.4132530120482,0.4800000000000004,1.0,94.0,1.0
0.0,0.0,0.0,0.0,396.4020618556701,236.56701030927834,-9.17,0.0,97.0,1.0
0.0,0.0,0.0,0.0,384.3445229681979,271.5565371024735,-9.17,0.0,97.0,1.0
0.0,0.0,0.0,0.0,396.27,235.74,2.8100000000000014,1.0,98.0,1.0
0.0,0.0,0.0,0.0,384.62938230383975,271.02671118530884,2.8100000000000014,1.0,98.0,1.0
13.660000000000002,11.190000000000005,35.11532145595086,1.0,365.9597364568082,357.5732064421669,-0.5899999999999999,0.0,1.0,2.0
0.0,0.0,0.0,0.0,266.6033834586466,313.5375939849624,-3.7,0.0,3.0,2.0
0.0,0.0,0.0,0.0,267.43454545454546,315.0,2.7700000000000005,1.0,6.0,2.0
0.0,0.0,0.0,0.0,267.7900552486188,313.9208103130755,-2.84,0.0,8.0,2.0
0.0,0.0,0.0,0.0,266.9470899470899,314.80070546737215,1.7000000000000002,1.0,10.0,2.0
12.760000000000003,13.490000000000002,11.063221812677432,3.0,325.058561897702,433.0333580429948,0.28000000000000025,1.0,11.0,2.0
16.470000000000002,1.4900000000000002,11.225008870850282,1.0,357.99878567091685,360.1329690346084,-0.5199999999999987,0.0,14.0,2.0
0.0,0.0,0.0,0.0,253.82269503546098,297.92907801418437,0.8700000000000001,1.0,15.0,2.0
0.0,0.0,0.0,0.0,274.0403587443946,379.4887892376682,0.8700000000000001,1.0,15.0,2.0
0.0,0.0,0.0,0.0,271.64109589041095,321.15616438356165,0.8700000000000001,1.0,15.0,2.0
0.0,0.0,0.0,0.0,272.2910216718266,369.5386996904025,-0.6100000000000003,0.0,17.0,2.0
0.0,0.0,0.0,0.0,268.0462962962963,310.3912037037037,-0.6100000000000003,0.0,17.0,2.0
1.4900000000000002,1.5300000000000002,19.85877467758658,4.0,337.80392156862746,468.33986928104576,0.5700000000000003,1.0,19.0,2.0
1.5200000000000002,1.5400000000000005,19.85877467758658,4.0,339.12987012987014,642.7337662337662,0.5700000000000003,1.0,19.0,2.0
4.120000000000001,4.200000000000001,19.85877467758658,4.0,331.4404761904762,514.0071428571429,0.5700000000000003,1.0,19.0,2.0
0.0,0.0,0.0,0.0,271.8646153846154,370.1353846153846,1.8500000000000014,1.0,21.0,2.0
0.0,0.0,0.0,0.0,266.7455357142857,310.1294642857143,1.8500000000000014,1.0,21.0,2.0
5.370000000000001,1.4500000000000002,8.898306490095607,1.0,378.8175046554935,396.13221601489755,-0.5800000000000001,0.0,23.0,2.0
0.0,0.0,0.0,0.0,270.7398119122257,369.5047021943574,-1.7500000000000018,0.0,25.0,2.0
0.0,0.0,0.0,0.0,266.66109785202866,308.1169451073986,-1.7500000000000018,0.0,25.0,2.0
0.0,0.0,0.0,0.0,268.84761904761905,349.3142857142857,-0.35999999999999943,0.0,27.0,2.0
0.0,0.0,0.0,0.0,273.4245810055866,383.08379888268155,-0.35999999999999943,0.0,27.0,2.0
0.0,0.0,0.0,0.0,267.94202898550725,308.8357487922705,-0.35999999999999943,0.0,27.0,2.0
1.7000000000000004,6.730000000000001,5.94481944430959,3.0,309.12035661218425,411.8588410104012,0.3200000000000003,1.0,29.0,2.0
3.980000000000001,6.730000000000001,5.94481944430959,3.0,309.12035661218425,411.8588410104012,0.3200000000000003,1.0,29.0,2.0
1.8000000000000005,8.220000000000002,5.94481944430959,1.0,383.8491484184915,371.43917274939173,0.3200000000000003,1.0,29.0,2.0
5.050000000000001,3.980000000000001,4.12683465874183,3.0,345.970297029703,440.6039603960396,-0.5199999999999996,0.0,31.0,2.0
7.350000000000001,5.480000000000001,4.12683465874183,1.0,385.5768707482993,281.9387755102041,-0.5199999999999996,0.0,31.0,2.0
1.8400000000000003,2.9000000000000004,4.12683465874183,1.0,378.90344827586205,396.5689655172414,0.47999999999999865,1.0,31.0,2.0
4.920000000000001,5.050000000000001,4.12683465874183,3.0,345.970297029703,440.6039603960396,0.47999999999999865,1.0,31.0,2.0
1.7100000000000004,1.6500000000000004,4.65580884384287,3.0,334.32163742690057,389.7368421052632,-0.40999999999999837,0.0,33.0,2.0
5.060000000000001,4.920000000000001,4.65580884384287,3.0,298.2154150197629,421.20553359683794,-0.40999999999999837,0.0,33.0,2.0
0.0,0.0,0.0,0.0,268.39325842696627,348.3258426966292,3.4399999999999995,1.0,33.0,2.0
0.0,0.0,0.0,0.0,272.3977900552486,382.8011049723757,3.4399999999999995,1.0,33.0,2.0
0.0,0.0,0.0,0.0,268.27295285359804,309.14640198511165,3.4399999999999995,1.0,33.0,2.0
0.0,0.0,0.0,0.0,268.15384615384613,347.4945054945055,-3.3600000000000003,0.0,35.0,2.0
0.0,0.0,0.0,0.0,255.25477707006368,299.8980891719745,-3.3600000000000003,0.0,35.0,2.0
0.0,0.0,0.0,0.0,271.92746113989637,382.00518134715026,-3.3600000000000003,0.0,35.0,2.0
0.0,0.0,0.0,0.0,275.37083333333334,313.04583333333335,-3.3600000000000003,0.0,35.0,2.0
8.140000000000002,8.230000000000002,5.14047541912476,3.0,323.591737545565,436.0583232077764,0.29000000000000004,1.0,36.0,2.0
0.0,0.0,0.0,0.0,267.6938775510204,347.85714285714283,9.180000000000003,1.0,37.0,2.0
0.0,0.0,0.0,0.0,255.55479452054794,301.26027397260276,9.180000000000003,1.0,37.0,2.0
0.0,0.0,0.0,0.0,271.5736842105263,381.53684210526313,9.180000000000003,1.0,37.0,2.0
0.0,0.0,0.0,0.0,275.70750988142294,313.4110671936759,9.180000000000003,1.0,37.0,2.0
8.820000000000002,3.4700000000000006,2.845922487953772,3.0,357.00566893424036,425.04761904761904,-5.680000000000003,0.0,39.0,2.0
0.0,0.0,0.0,0.0,258.67455621301775,299.4260355029586,0.2699999999999978,1.0,40.0,2.0
0.0,0.0,0.0,0.0,269.5404255319149,361.4723404255319,0.2699999999999978,1.0,40.0,2.0
0.0,0.0,0.0,0.0,274.58,313.456,0.2699999999999978,1.0,40.0,2.0
0.0,0.0,0.0,0.0,286.51679586563307,417.6511627906977,0.2699999999999978,1.0,40.0,2.0
1.5900000000000003,1.3000000000000005,4.49937997827947,3.0,334.17610062893084,389.2641509433962,-0.5400000000000009,0.0,42.0,2.0
4.090000000000001,3.9900000000000007,4.49937997827947,1.0,380.00244498777505,281.09779951100245,-0.5400000000000009,0.0,42.0,2.0
6.110000000000001,1.4100000000000004,4.49937997827947,4.0,334.8052373158756,530.1194762684124,-0.5400000000000009,0.0,42.0,2.0
11.210000000000004,1.5400000000000005,4.49937997827947,1.0,370.5218554861731,392.79839429081176,-0.5400000000000009,0.0,42.0,2.0
1.3200000000000005,1.4000000000000004,18.83345582539313,1.0,394.49285714285713,241.52857142857144,3.620000000000001,1.0,44.0,2.0
1.6100000000000003,1.7000000000000004,18.83345582539313,3.0,334.97058823529414,389.28823529411767,3.620000000000001,1.0,44.0,2.0
1.6100000000000003,2.28,18.83345582539313,3.0,334.2368421052632,438.74122807017545,3.620000000000001,1.0,44.0,2.0
0.8900000000000001,4.1000000000000005,18.83345582539313,1.0,380.409756097561,281.4268292682927,3.620000000000001,1.0,44.0,2.0
5.810000000000001,5.960000000000001,18.83345582539313,4.0,333.746644295302,604.1040268456376,3.620000000000001,1.0,44.0,2.0
3.0500000000000007,8.730000000000002,18.83345582539313,1.0,380.1156930126002,381.0183276059565,3.620000000000001,1.0,44.0,2.0
1.0000000000000002,0.91,14.66674761505234,4.0,342.96,469.01,-1.8500000000000014,0.0,46.0,2.0
1.4000000000000004,1.3200000000000005,14.66674761505234,1.0,394.2785714285714,241.5,-1.8500000000000014,0.0,46.0,2.0
1.6700000000000004,1.6100000000000003,18.169483743555435,3.0,334.1437125748503,389.1616766467066,-1.8500000000000014,0.0,46.0,2.0
1.6700000000000004,1.6100000000000003,18.169483743555435,3.0,335.2754491017964,440.36526946107784,-1.8500000000000014,0.0,46.0,2.0
3.870000000000001,0.8900000000000001,14.66674761505234,1.0,379.43669250645996,281.3178294573643,-1.8500000000000014,0.0,46.0,2.0
6.100000000000001,1.4300000000000004,14.66674761505234,4.0,333.5377049180328,603.6672131147541,-1.8500000000000014,0.0,46.0,2.0
6.560000000000001,4.360000000000001,14.66674761505234,4.0,335.342987804878,530.1356707317074,-1.8500000000000014,0.0,46.0,2.0
6.560000000000001,5.810000000000001,14.66674761505234,4.0,335.342987804878,530.1356707317074,-1.8500000000000014,0.0,46.0,2.0
8.670000000000002,3.0500000000000007,14.66674761505234,1.0,380.06228373702425,381.1510957324106,-1.8500000000000014,0.0,46.0,2.0
2.9900000000000007,1.0000000000000002,22.45065098563158,4.0,337.97658862876256,451.95652173913044,-0.5,0.0,47.0,2.0
4.000000000000001,3.870000000000001,22.45065098563158,1.0,380.24,281.1,-0.5,0.0,47.0,2.0
12.670000000000002,12.840000000000002,17.826648405986898,4.0,334.32866043613706,565.3177570093458,0.3100000000000005,1.0,48.0,2.0
2.9800000000000004,12.950000000000005,17.826648405986898,1.0,380.45791505791505,347.5783783783784,0.3100000000000005,1.0,48.0,2.0
2.7900000000000005,2.8000000000000007,16.49619005419803,4.0,338.8142857142857,450.5357142857143,0.5,1.0,49.0,2.0
5.300000000000001,8.05,16.49619005419803,1.0,379.160248447205,386.80496894409936,0.5,1.0,49.0,2.0
1.3800000000000003,1.3100000000000005,21.81141596147814,1.0,393.68840579710144,240.95652173913044,-5.670000000000001,0.0,52.0,2.0
1.6000000000000003,1.4800000000000002,21.81141596147814,3.0,333.1625,389.51875,-5.670000000000001,0.0,52.0,2.0
5.140000000000001,4.910000000000001,21.81141596147814,1.0,381.931906614786,285.579766536965,-5.670000000000001,0.0,52.0,2.0
5.330000000000001,1.4800000000000002,21.81141596147814,3.0,295.6303939962477,418.14446529080675,-5.670000000000001,0.0,52.0,2.0
7.8900000000000015,7.590000000000002,21.81141596147814,1.0,378.7160963244613,387.61216730038024,-5.670000000000001,0.0,52.0,2.0
0.0,0.0,0.0,0.0,259.89772727272725,299.7556818181818,0.5800000000000001,1.0,53.0,2.0
0.0,0.0,0.0,0.0,271.76,372.3511111111111,0.5800000000000001,1.0,53.0,2.0
0.0,0.0,0.0,0.0,272.5501730103806,315.52595155709344,0.5800000000000001,1.0,53.0,2.0
3.9100000000000006,1.4200000000000004,13.825885287017055,1.0,379.8772378516624,273.7570332480818,-0.5600000000000005,0.0,55.0,2.0
17.360000000000003,7.330000000000002,13.825885287017055,3.0,336.6543778801843,415.2217741935484,-0.5600000000000005,0.0,55.0,2.0
1.0700000000000005,1.13,13.825885287017055,1.0,396.60176991150445,236.00884955752213,0.5,1.0,55.0,2.0
15.140000000000002,17.360000000000003,13.825885287017055,3.0,336.6543778801843,415.2217741935484,0.5,1.0,55.0,2.0
2.5300000000000007,17.360000000000003,13.825885287017055,3.0,336.6543778801843,415.2217741935484,0.5,1.0,55.0,2.0
0.0,0.0,0.0,0.0,266.7609147609148,307.8981288981289,-2.6000000000000014,0.0,61.0,2.0
0.0,0.0,0.0,0.0,266.9776422764228,308.1930894308943,1.080000000000001,1.0,62.0,2.0
0.0,0.0,0.0,0.0,270.68840579710144,363.34057971014494,2.2799999999999994,1.0,63.0,2.0
0.0,0.0,0.0,0.0,266.9047619047619,308.2099567099567,2.2799999999999994,1.0,63.0,2.0
1.7100000000000004,1.6100000000000003,41.237860442140345,2.0,277.7368421052632,302.9824561403509,-2.9300000000000006,0.0,66.0,2.0
8.920000000000002,6.4700000000000015,8.565081727572746,3.0,303.17825112107624,409.0145739910314,-2.9300000000000006,0.0,66.0,2.0
0.0,0.0,0.0,0.0,269.23489932885906,361.6577181208054,0.2599999999999998,1.0,69.0,2.0
0.0,0.0,0.0,0.0,277.7586206896552,304.35632183908046,0.2599999999999998,1.0,69.0,2.0
0.0,0.0,0.0,0.0,261.3253424657534,310.67123287671234,0.2599999999999998,1.0,69.0,2.0
2.01,6.790000000000001,11.999381404300483,1.0,387.5846833578792,269.5316642120766,0.3700000000000001,1.0,70.0,2.0
1.5100000000000002,6.790000000000001,11.999381404300483,1.0,387.5846833578792,269.5316642120766,0.3700000000000001,1.0,70.0,2.0
0.0,0.0,0.0,0.0,268.2686567164179,360.86567164179104,-0.6100000000000003,0.0,73.0,2.0
0.0,0.0,0.0,0.0,259.1019417475728,301.52912621359224,-0.6100000000000003,0.0,73.0,2.0
0.0,0.0,0.0,0.0,273.0641509433962,310.7207547169811,-0.6100000000000003,0.0,73.0,2.0
0.0,0.0,0.0,0.0,268.2686567164179,360.86567164179104,0.40000000000000036,1.0,73.0,2.0
0.0,0.0,0.0,0.0,259.1019417475728,301.52912621359224,0.40000000000000036,1.0,73.0,2.0
0.0,0.0,0.0,0.0,273.0641509433962,310.7207547169811,0.40000000000000036,1.0,73.0,2.0
0.0,0.0,0.0,0.0,267.61728395061726,322.8395061728395,-0.8399999999999999,0.0,76.0,2.0
0.0,0.0,0.0,0.0,268.13286713286715,361.6013986013986,-0.8399999999999999,0.0,76.0,2.0
0.0,0.0,0.0,0.0,265.21246458923514,301.4815864022663,-0.8399999999999999,0.0,76.0,2.0
0.0,0.0,0.0,0.0,267.61728395061726,322.8395061728395,2.74,1.0,76.0,2.0
0.0,0.0,0.0,0.0,268.13286713286715,361.6013986013986,2.74,1.0,76.0,2.0
0.0,0.0,0.0,0.0,265.21246458923514,301.4815864022663,2.74,1.0,76.0,2.0
0.0,0.0,0.0,0.0,267.77659574468083,323.7340425531915,-2.2199999999999998,0.0,78.0,2.0
0.0,0.0,0.0,0.0,268.0128205128205,360.94871794871796,-2.2199999999999998,0.0,78.0,2.0
0.0,0.0,0.0,0.0,264.4063324538259,300.9076517150396,-2.2199999999999998,0.0,78.0,2.0
0.0,0.0,0.0,0.0,267.77659574468083,323.7340425531915,0.28000000000000025,1.0,78.0,2.0
0.0,0.0,0.0,0.0,268.0128205128205,360.94871794871796,0.28000000000000025,1.0,78.0,2.0
0.0,0.0,0.0,0.0,264.4063324538259,300.9076517150396,0.28000000000000025,1.0,78.0,2.0
0.0,0.0,0.0,0.0,270.8837209302326,319.3488372093023,-0.3800000000000008,0.0,81.0,2.0
0.0,0.0,0.0,0.0,268.6326530612245,361.2857142857143,-0.3800000000000008,0.0,81.0,2.0
0.0,0.0,0.0,0.0,263.42783505154637,300.8479381443299,-0.3800000000000008,0.0,81.0,2.0
0.0,0.0,0.0,0.0,270.47777777777776,319.53333333333336,0.39000000000000057,1.0,82.0,2.0
0.0,0.0,0.0,0.0,268.5796178343949,360.96178343949043,0.39000000000000057,1.0,82.0,2.0
0.0,0.0,0.0,0.0,264.20107238605897,301.0107238605898,0.39000000000000057,1.0,82.0,2.0
0.0,0.0,0.0,0.0,269.47741935483873,361.6516129032258,5.4300000000000015,1.0,83.0,2.0
0.0,0.0,0.0,0.0,265.46031746031747,305.1746031746032,5.4300000000000015,1.0,83.0,2.0
1.6500000000000004,1.6000000000000003,9.852545523223789,2.0,268.93939393939394,360.77575757575755,-4.450000000000001,0.0,85.0,2.0
4.980000000000001,4.700000000000001,9.852545523223789,2.0,265.76305220883535,304.76305220883535,-4.450000000000001,0.0,85.0,2.0
1.8000000000000005,1.7800000000000002,6.3033508373789235,3.0,330.0111111111111,392.1388888888889,-4.450000000000001,0.0,85.0,2.0
4.250000000000001,0.9200000000000002,6.3033508373789235,3.0,293.8164705882353,407.84235294117644,-4.450000000000001,0.0,85.0,2.0
5.300000000000001,2.9400000000000004,6.3033508373789235,1.0,384.20566037735847,275.96415094339625,-4.450000000000001,0.0,85.0,2.0
8.510000000000002,8.450000000000001,6.3033508373789235,3.0,353.98119858989423,428.4183313748531,-4.450000000000001,0.0,85.0,2.0
1.5700000000000005,1.6500000000000004,9.852545523223789,2.0,268.93939393939394,360.77575757575755,4.9399999999999995,1.0,85.0,2.0
1.0100000000000002,4.250000000000001,6.3033508373789235,3.0,293.8164705882353,407.84235294117644,4.9399999999999995,1.0,85.0,2.0
5.250000000000001,5.300000000000001,6.3033508373789235,1.0,384.20566037735847,275.96415094339625,4.9399999999999995,1.0,85.0,2.0
1.6500000000000004,1.7500000000000004,13.958303158857573,1.0,394.1257142857143,241.61142857142858,0.5399999999999991,1.0,87.0,2.0
0.0,0.0,0.0,0.0,279.4945054945055,395.74725274725273,-4.5600000000000005,0.0,89.0,2.0
0.0,0.0,0.0,0.0,274.7959183673469,412.44897959183675,-4.5600000000000005,0.0,89.0,2.0
0.0,0.0,0.0,0.0,268.89171974522293,361.2929936305732,-4.5600000000000005,0.0,89.0,2.0
0.0,0.0,0.0,0.0,254.37016574585635,294.646408839779,-4.5600000000000005,0.0,89.0,2.0
0.0,0.0,0.0,0.0,273.25688073394497,309.6391437308869,-4.5600000000000005,0.0,89.0,2.0
0.0,0.0,0.0,0.0,279.4945054945055,395.74725274725273,3.660000000000002,1.0,89.0,2.0
0.0,0.0,0.0,0.0,274.7959183673469,412.44897959183675,3.660000000000002,1.0,89.0,2.0
0.0,0.0,0.0,0.0,268.89171974522293,361.2929936305732,3.660000000000002,1.0,89.0,2.0
0.0,0.0,0.0,0.0,254.37016574585635,294.646408839779,3.660000000000002,1.0,89.0,2.0
0.0,0.0,0.0,0.0,273.25688073394497,309.6391437308869,3.660000000000002,1.0,89.0,2.0
0.0,0.0,0.0,0.0,268.875,361.1607142857143,-5.250000000000001,0.0,91.0,2.0
0.0,0.0,0.0,0.0,266.392789373814,303.7912713472486,-5.250000000000001,0.0,91.0,2.0
7.630000000000002,1.9000000000000004,13.10109178765811,3.0,301.3473132372215,404.04849279161203,-0.7000000000000011,0.0,92.0,2.0
7.630000000000002,5.380000000000001,13.10109178765811,3.0,301.3473132372215,404.04849279161203,-0.7000000000000011,0.0,92.0,2.0
7.040000000000001,6.710000000000002,13.058531164625713,1.0,385.76278409090907,266.03267045454544,-0.2599999999999998,0.0,94.0,2.0
7.820000000000001,7.660000000000002,13.058531164625713,3.0,300.5230179028133,404.2148337595908,-0.2599999999999998,0.0,94.0,2.0
8.300000000000002,7.940000000000001,13.058531164625713,1.0,379.9457831325301,384.4132530120482,-0.2599999999999998,0.0,94.0,2.0
9.090000000000002,7.040000000000001,4.854209769317766,1.0,376.9097909790979,389.4400440044004,-0.33999999999999986,0.0,95.0,2.0
1.0300000000000002,1.0800000000000003,4.854209769317766,1.0,396.18518518518516,236.86111111111111,0.2699999999999996,1.0,95.0,2.0
9.02,9.090000000000002,4.854209769317766,1.0,376.9097909790979,389.4400440044004,0.2699999999999996,1.0,95.0,2.0
1.1700000000000002,1.0000000000000002,12.332883027248142,1.0,396.7692307692308,236.2051282051282,-0.379999999999999,0.0,99.0,2.0
2.870000000000001,1.0000000000000002,12.332883027248142,1.0,389.9547038327526,350.5156794425087,-0.379999999999999,0.0,99.0,2.0
17.380000000000003,13.220000000000002,12.332883027248142,3.0,332.9269275028769,415.80955120828537,-0.379999999999999,0.0,99.0,2.0
17.380000000000003,7.8900000000000015,12.332883027248142,3.0,332.9269275028769,415.80955120828537,-0.379999999999999,0.0,99.0,2.0
13.660000000000002,11.190000000000005,40.42591143520679,1.0,365.9597364568082,357.5732064421669,-5.9700000000000015,0.0,1.0,3.0
5.260000000000001,9.140000000000002,40.42591143520679,2.0,271.29431072210065,347.7932166301969,7.940000000000004,1.0,1.0,3.0
3.7600000000000007,9.140000000000002,40.42591143520679,2.0,271.29431072210065,347.7932166301969,7.940000000000004,1.0,1.0,3.0
5.460000000000001,13.660000000000002,40.42591143520679,1.0,365.9597364568082,357.5732064421669,7.940000000000004,1.0,1.0,3.0
0.0,0.0,0.0,0.0,347.918875502008,407.52369477911645,4.130000000000001,1.0,2.0,3.0
9.070000000000002,8.670000000000002,29.485421330868906,3.0,307.8930540242558,413.5667034178611,-4.610000000000003,0.0,4.0,3.0
1.8400000000000003,1.3800000000000003,17.992699098691073,4.0,319.70652173913044,520.5163043478261,-4.610000000000003,0.0,4.0,3.0
2.3200000000000003,2.0800000000000005,17.992699098691073,1.0,393.25431034482756,249.2155172413793,-4.610000000000003,0.0,4.0,3.0
5.490000000000001,5.320000000000001,17.992699098691073,2.0,267.5373406193078,314.07650273224044,-4.610000000000003,0.0,4.0,3.0
6.050000000000002,5.6400000000000015,17.992699098691073,1.0,382.3206611570248,303.8280991735537,-4.610000000000003,0.0,4.0,3.0
10.080000000000002,1.8200000000000005,17.992699098691073,4.0,343.1934523809524,564.5922619047619,-4.610000000000003,0.0,4.0,3.0
1.3300000000000003,1.8400000000000003,17.992699098691073,4.0,319.70652173913044,520.5163043478261,8.420000000000002,1.0,4.0,3.0
2.1600000000000006,2.3200000000000003,17.992699098691073,1.0,393.25431034482756,249.2155172413793,8.420000000000002,1.0,4.0,3.0
5.240000000000001,5.490000000000001,17.992699098691073,2.0,267.5373406193078,314.07650273224044,8.420000000000002,1.0,4.0,3.0
5.500000000000001,6.050000000000002,17.992699098691073,1.0,382.3206611570248,303.8280991735537,8.420000000000002,1.0,4.0,3.0
2.1500000000000004,10.080000000000002,17.992699098691073,4.0,343.1934523809524,564.5922619047619,8.420000000000002,1.0,4.0,3.0
9.44,9.460000000000004,21.49770777592986,4.0,339.377378435518,547.8139534883721,0.5300000000000047,1.0,5.0,3.0
0.0,0.0,0.0,0.0,326.1949152542373,433.97919876733437,-7.940000000000007,0.0,7.0,3.0
2.3200000000000003,1.5000000000000002,32.71236640352057,4.0,341.3965517241379,598.7715517241379,-3.3100000000000005,0.0,8.0,3.0
5.4300000000000015,2.7300000000000004,15.685297985910093,2.0,267.7900552486188,313.9208103130755,-3.3100000000000005,0.0,8.0,3.0
5.920000000000001,5.750000000000001,15.685297985910093,1.0,382.87331081081084,303.7280405405405,-3.3100000000000005,0.0,8.0,3.0
9.510000000000002,2.3500000000000005,32.71236640352057,4.0,337.8801261829653,546.6119873817034,-3.3100000000000005,0.0,8.0,3.0
1.4500000000000002,1.4700000000000002,32.71236640352057,4.0,339.2448979591837,641.6734693877551,6.810000000000002,1.0,8.0,3.0
1.4500000000000002,9.510000000000002,32.71236640352057,4.0,337.8801261829653,546.6119873817034,6.810000000000002,1.0,8.0,3.0
2.3800000000000003,2.28,18.00755133389905,1.0,393.8487394957983,249.14285714285714,-0.5100000000000016,0.0,10.0,3.0
5.670000000000001,5.580000000000001,14.248787303750738,2.0,266.9470899470899,314.80070546737215,-0.5100000000000016,0.0,10.0,3.0
8.600000000000001,1.4500000000000002,14.248787303750738,4.0,342.9720930232558,569.1476744186047,-0.5100000000000016,0.0,10.0,3.0
10.920000000000002,10.820000000000002,18.00755133389905,1.0,381.71336996337,342.2435897435897,-0.5100000000000016,0.0,10.0,3.0
1.5400000000000005,1.5000000000000002,4.2675535712389925,4.0,338.987012987013,642.4285714285714,-2.4800000000000004,0.0,11.0,3.0
3.0900000000000007,3.0800000000000005,4.2675535712389925,4.0,328.2977346278317,521.1359223300971,-2.4800000000000004,0.0,11.0,3.0
8.770000000000001,8.600000000000001,4.2675535712389925,4.0,343.1071835803877,569.594070695553,-2.4800000000000004,0.0,11.0,3.0
11.93,10.920000000000002,4.2675535712389925,1.0,382.4107292539816,335.8809723386421,-2.4800000000000004,0.0,11.0,3.0
1.4800000000000002,1.4600000000000002,17.569187166548737,2.0,254.6216216216216,297.35135135135135,-0.7299999999999986,0.0,12.0,3.0
2.4000000000000004,2.3300000000000005,17.569187166548737,2.0,274.70416666666665,379.45416666666665,-0.7299999999999986,0.0,12.0,3.0
3.770000000000001,3.5800000000000005,17.569187166548737,2.0,273.0318302387268,322.0610079575597,-0.7299999999999986,0.0,12.0,3.0
8.920000000000002,1.5400000000000005,4.224190422107223,4.0,342.47982062780267,569.6457399103139,-0.7299999999999986,0.0,12.0,3.0
1.3800000000000003,1.4500000000000002,4.224190422107223,4.0,340.92413793103447,523.3241379310344,12.860000000000001,1.0,12.0,3.0
1.4500000000000002,1.4800000000000002,4.224190422107223,4.0,315.19594594594594,518.277027027027,12.860000000000001,1.0,12.0,3.0
1.5200000000000002,1.5700000000000005,4.224190422107223,4.0,339.52866242038215,642.2165605095541,12.860000000000001,1.0,12.0,3.0
2.3400000000000003,2.4000000000000004,17.569187166548737,2.0,274.70416666666665,379.45416666666665,12.860000000000001,1.0,12.0,3.0
8.740000000000002,8.920000000000002,4.224190422107223,4.0,342.47982062780267,569.6457399103139,12.860000000000001,1.0,12.0,3.0
1.4900000000000002,11.770000000000003,4.224190422107223,1.0,382.0229396771453,336.8105352591334,12.860000000000001,1.0,12.0,3.0
3.370000000000001,1.4500000000000002,41.022126723767386,4.0,327.4480712166172,520.5370919881306,-18.140000000000004,0.0,14.0,3.0
3.370000000000001,1.5200000000000002,41.022126723767386,4.0,327.4480712166172,520.5370919881306,-18.140000000000004,0.0,14.0,3.0
8.540000000000001,1.3800000000000003,41.022126723767386,4.0,342.89344262295083,570.0081967213115,-18.140000000000004,0.0,14.0,3.0
16.470000000000002,1.4900000000000002,18.781491647289698,1.0,357.99878567091685,360.1329690346084,-18.140000000000004,0.0,14.0,3.0
0.0,0.0,0.0,0.0,338.73262032085563,448.36764705882354,3.170000000000001,1.0,14.0,3.0
0.0,0.0,0.0,0.0,338.80089485458615,431.06711409395973,3.42,1.0,15.0,3.0
0.0,0.0,0.0,0.0,315.35760517799355,404.49514563106794,3.42,1.0,15.0,3.0
3.940000000000001,3.980000000000001,40.31345966717431,3.0,297.64824120603015,415.0,0.3800000000000008,1.0,16.0,3.0
1.4300000000000004,6.120000000000001,7.384598169551248,4.0,333.9787581699346,500.937908496732,0.3800000000000008,1.0,16.0,3.0
1.5700000000000005,6.120000000000001,7.384598169551248,4.0,333.9787581699346,500.937908496732,0.3800000000000008,1.0,16.0,3.0
4.320000000000001,8.160000000000002,7.384598169551248,2.0,268.22549019607845,333.9595588235294,0.3800000000000008,1.0,16.0,3.0
3.2300000000000004,8.160000000000002,7.384598169551248,2.0,268.22549019607845,333.9595588235294,0.3800000000000008,1.0,16.0,3.0
4.460000000000001,8.700000000000001,7.384598169551248,4.0,342.951724137931,570.3344827586207,0.3800000000000008,1.0,16.0,3.0
0.0,0.0,0.0,0.0,347.6372093023256,386.54418604651164,0.3200000000000003,1.0,17.0,3.0
0.0,0.0,0.0,0.0,297.02030456852793,415.16243654822335,0.3200000000000003,1.0,17.0,3.0
0.0,0.0,0.0,0.0,358.8791866028708,413.7870813397129,0.3200000000000003,1.0,17.0,3.0
1.4900000000000002,1.5300000000000002,9.7471856732684,4.0,337.80392156862746,468.33986928104576,0.46999999999999886,1.0,19.0,3.0
1.5200000000000002,1.5400000000000005,9.7471856732684,4.0,339.12987012987014,642.7337662337662,0.46999999999999886,1.0,19.0,3.0
4.120000000000001,4.200000000000001,9.7471856732684,4.0,331.4404761904762,514.0071428571429,0.46999999999999886,1.0,19.0,3.0
1.4500000000000002,1.4900000000000002,9.067387481906765,4.0,338.6241610738255,467.496644295302,0.3500000000000014,1.0,20.0,3.0
4.48,4.680000000000001,25.391273491396355,2.0,266.90384615384613,309.6666666666667,0.3500000000000014,1.0,20.0,3.0
0.0,0.0,0.0,0.0,328.32394366197184,434.12394366197185,-2.1800000000000015,0.0,22.0,3.0
0.0,0.0,0.0,0.0,354.87857142857143,397.25102040816324,-2.1800000000000015,0.0,22.0,3.0
5.370000000000001,1.4500000000000002,12.097026674092469,1.0,378.8175046554935,396.13221601489755,-6.120000000000001,0.0,23.0,3.0
12.400000000000002,4.420000000000001,12.097026674092469,4.0,338.64596774193546,544.6532258064516,-6.120000000000001,0.0,23.0,3.0
12.400000000000002,1.6000000000000003,12.097026674092469,4.0,338.64596774193546,544.6532258064516,-6.120000000000001,0.0,23.0,3.0
0.0,0.0,0.0,0.0,308.47872340425533,434.20212765957444,-0.5499999999999998,0.0,24.0,3.0
0.0,0.0,0.0,0.0,302.656,415.656,-0.5499999999999998,0.0,24.0,3.0
0.0,0.0,0.0,0.0,332.85377358490564,390.60849056603774,-0.5499999999999998,0.0,24.0,3.0
0.0,0.0,0.0,0.0,339.43459915611817,433.8945147679325,-0.5499999999999998,0.0,24.0,3.0
0.0,0.0,0.0,0.0,308.47872340425533,434.20212765957444,4.06,1.0,24.0,3.0
0.0,0.0,0.0,0.0,302.656,415.656,4.06,1.0,24.0,3.0
0.0,0.0,0.0,0.0,332.85377358490564,390.60849056603774,4.06,1.0,24.0,3.0
0.0,0.0,0.0,0.0,339.43459915611817,433.8945147679325,4.06,1.0,24.0,3.0
0.0,0.0,0.0,0.0,307.73737373737373,433.65656565656565,-3.8400000000000007,0.0,26.0,3.0
0.0,0.0,0.0,0.0,308.5600676818951,408.05414551607447,-3.8400000000000007,0.0,26.0,3.0
0.9700000000000002,1.0500000000000005,4.625830946281701,2.0,268.84761904761905,349.3142857142857,4.5,1.0,27.0,3.0
1.4400000000000004,7.530000000000001,3.312853872456513,4.0,335.49003984063745,544.8260292164674,4.5,1.0,27.0,3.0
3.1800000000000006,1.5700000000000005,2.0766573746955164,4.0,328.811320754717,582.6446540880503,-0.6399999999999988,0.0,29.0,3.0
6.9300000000000015,5.790000000000001,2.0766573746955164,4.0,335.2842712842713,531.08658008658,-0.6399999999999988,0.0,29.0,3.0
4.790000000000001,5.030000000000001,16.662965886449015,3.0,298.1351888667992,421.234592445328,0.7099999999999991,1.0,30.0,3.0
0.7900000000000001,0.9000000000000001,9.706702282657725,2.0,268.4888888888889,348.34444444444443,0.7099999999999991,1.0,30.0,3.0
1.4000000000000004,1.5200000000000002,9.706702282657725,4.0,373.73026315789474,554.4473684210526,0.7099999999999991,1.0,30.0,3.0
1.6400000000000003,1.8000000000000005,9.706702282657725,1.0,393.2111111111111,316.35,0.7099999999999991,1.0,30.0,3.0
1.7900000000000005,1.9000000000000004,9.706702282657725,2.0,273.17894736842106,383.43684210526317,0.7099999999999991,1.0,30.0,3.0
4.080000000000001,4.380000000000001,9.706702282657725,2.0,267.1415525114155,308.62100456621005,0.7099999999999991,1.0,30.0,3.0
2.9000000000000004,6.370000000000001,9.706702282657725,1.0,380.6059654631083,389.1993720565149,0.7099999999999991,1.0,30.0,3.0
4.920000000000001,5.050000000000001,16.755460338072684,3.0,345.970297029703,440.6039603960396,3.7699999999999996,1.0,31.0,3.0
1.8400000000000003,2.9000000000000004,10.158566972532435,1.0,378.90344827586205,396.5689655172414,3.7699999999999996,1.0,31.0,3.0
6.290000000000001,12.320000000000002,10.158566972532435,4.0,334.73295454545456,565.5852272727273,3.7699999999999996,1.0,31.0,3.0
6.230000000000001,12.320000000000002,10.158566972532435,4.0,334.73295454545456,565.5852272727273,3.7699999999999996,1.0,31.0,3.0
1.7900000000000005,1.7100000000000004,6.266496998394693,3.0,334.4022346368715,390.05027932960894,-3.299999999999999,0.0,34.0,3.0
8.660000000000002,8.450000000000001,6.266496998394693,3.0,358.28983833718246,424.50461893764435,-3.299999999999999,0.0,34.0,3.0
1.5200000000000002,1.4900000000000002,6.266496998394693,4.0,375.3092105263158,555.7171052631579,-3.299999999999999,0.0,34.0,3.0
2.5700000000000003,0.8900000000000001,9.694902596547497,2.0,275.38132295719845,313.70428015564204,-3.299999999999999,0.0,34.0,3.0
3.150000000000001,1.8100000000000005,9.694902596547497,2.0,294.4349206349206,425.71746031746034,-3.299999999999999,0.0,34.0,3.0
3.870000000000001,1.4400000000000004,6.266496998394693,1.0,390.578811369509,340.59948320413434,-3.299999999999999,0.0,34.0,3.0
3.870000000000001,1.8400000000000003,6.266496998394693,1.0,390.578811369509,340.59948320413434,-3.299999999999999,0.0,34.0,3.0
6.340000000000002,6.2200000000000015,6.266496998394693,4.0,334.6640378548896,529.8296529968454,-3.299999999999999,0.0,34.0,3.0
0.91,0.9900000000000002,9.694902596547497,2.0,268.62626262626264,348.2929292929293,3.200000000000001,1.0,34.0,3.0
2.4000000000000004,2.5700000000000003,9.694902596547497,2.0,275.38132295719845,313.70428015564204,3.200000000000001,1.0,34.0,3.0
1.5700000000000005,3.150000000000001,9.694902596547497,2.0,294.4349206349206,425.71746031746034,3.200000000000001,1.0,34.0,3.0
3.850000000000001,3.870000000000001,6.266496998394693,1.0,390.578811369509,340.59948320413434,3.200000000000001,1.0,34.0,3.0
5.9300000000000015,6.060000000000001,6.266496998394693,1.0,383.9504950495049,271.23267326732673,3.200000000000001,1.0,34.0,3.0
2.8000000000000007,6.110000000000001,6.266496998394693,4.0,334.3306055646481,603.3584288052373,3.200000000000001,1.0,34.0,3.0
2.7900000000000005,6.110000000000001,6.266496998394693,4.0,334.3306055646481,603.3584288052373,3.200000000000001,1.0,34.0,3.0
0.0,0.0,0.0,0.0,307.05645161290323,409.75,-0.5500000000000007,0.0,36.0,3.0
0.0,0.0,0.0,0.0,334.6453488372093,389.45348837209303,-0.5500000000000007,0.0,36.0,3.0
0.0,0.0,0.0,0.0,378.8431952662722,399.07100591715977,-0.5500000000000007,0.0,36.0,3.0
0.0,0.0,0.0,0.0,323.591737545565,436.0583232077764,-0.5500000000000007,0.0,36.0,3.0
0.0,0.0,0.0,0.0,306.7293233082707,409.7593984962406,-8.100000000000001,0.0,38.0,3.0
0.0,0.0,0.0,0.0,335.2,389.58235294117645,-8.100000000000001,0.0,38.0,3.0
0.0,0.0,0.0,0.0,378.7694524495677,398.5850144092219,-8.100000000000001,0.0,38.0,3.0
1.5700000000000005,1.7000000000000004,10.307688796888343,3.0,335.2,389.58235294117645,5.160000000000001,1.0,38.0,3.0
1.4900000000000002,1.6000000000000003,9.794492132038652,2.0,258.31875,301.275,5.160000000000001,1.0,38.0,3.0
2.5100000000000007,2.5800000000000005,9.794492132038652,2.0,273.8953488372093,313.2829457364341,5.160000000000001,1.0,38.0,3.0
3.420000000000001,3.6800000000000006,9.794492132038652,1.0,391.0570652173913,340.16847826086956,5.160000000000001,1.0,38.0,3.0
4.120000000000001,4.400000000000001,9.794492132038652,1.0,380.4022727272727,281.14772727272725,5.160000000000001,1.0,38.0,3.0
6.370000000000001,11.870000000000005,9.794492132038652,2.0,307.0480202190396,416.7009267059815,5.160000000000001,1.0,38.0,3.0
1.6600000000000004,8.820000000000002,18.20980687187886,3.0,357.00566893424036,425.04761904761904,4.770000000000001,1.0,39.0,3.0
2.5000000000000004,2.5100000000000007,9.373844472852378,2.0,273.1155378486056,313.40239043824704,4.770000000000001,1.0,39.0,3.0
1.5100000000000002,3.420000000000001,9.373844472852378,1.0,390.89766081871346,340.72514619883043,4.770000000000001,1.0,39.0,3.0
2.3500000000000005,6.370000000000001,9.373844472852378,2.0,278.84301412872844,394.8979591836735,4.770000000000001,1.0,39.0,3.0
3.870000000000001,6.370000000000001,9.373844472852378,2.0,278.84301412872844,394.8979591836735,4.770000000000001,1.0,39.0,3.0
1.6800000000000004,1.6600000000000004,9.73235288735561,3.0,334.8809523809524,388.70238095238096,-0.8299999999999983,0.0,41.0,3.0
1.5400000000000005,1.5100000000000002,9.276590450455764,1.0,394.2207792207792,242.7792207792208,-0.8299999999999983,0.0,41.0,3.0
1.7100000000000004,1.6900000000000004,9.276590450455764,2.0,258.57894736842104,299.6842105263158,-0.8299999999999983,0.0,41.0,3.0
3.730000000000001,2.3500000000000005,9.276590450455764,2.0,286.57908847184984,417.55764075067026,-0.8299999999999983,0.0,41.0,3.0
5.240000000000001,2.5000000000000004,9.276590450455764,2.0,271.3797709923664,336.97137404580155,-0.8299999999999983,0.0,41.0,3.0
5.240000000000001,3.870000000000001,9.276590450455764,2.0,271.3797709923664,336.97137404580155,-0.8299999999999983,0.0,41.0,3.0
0.0,0.0,0.0,0.0,307.0444444444444,409.25925925925924,-12.660000000000004,0.0,42.0,3.0
0.0,0.0,0.0,0.0,334.17610062893084,389.2641509433962,-12.660000000000004,0.0,42.0,3.0
0.0,0.0,0.0,0.0,306.83892617449663,409.4026845637584,2.0100000000000007,1.0,43.0,3.0
0.0,0.0,0.0,0.0,334.7022471910112,388.90449438202245,2.0100000000000007,1.0,43.0,3.0
0.0,0.0,0.0,0.0,335.0,389.1055900621118,-3.670000000000001,0.0,45.0,3.0
4.720000000000001,4.790000000000001,8.688464198624622,2.0,268.3653444676409,310.1920668058455,1.7300000000000004,1.0,45.0,3.0
3.870000000000001,8.430000000000001,8.688464198624622,1.0,380.079478054567,380.84934756820877,1.7300000000000004,1.0,45.0,3.0
8.020000000000001,9.800000000000002,8.688464198624622,2.0,297.365306122449,411.12857142857143,1.7300000000000004,1.0,45.0,3.0
2.9900000000000007,1.0000000000000002,8.944038362072373,4.0,337.97658862876256,451.95652173913044,-1.8400000000000005,0.0,47.0,3.0
4.000000000000001,3.870000000000001,8.944038362072373,1.0,380.24,281.1,-1.8400000000000005,0.0,47.0,3.0
0.0,0.0,0.0,0.0,333.0945945945946,389.3243243243243,5.450000000000001,1.0,51.0,3.0
0.0,0.0,0.0,0.0,333.1625,389.51875,0.3600000000000003,1.0,52.0,3.0
0.0,0.0,0.0,0.0,295.6303939962477,418.14446529080675,0.3600000000000003,1.0,52.0,3.0
1.3500000000000003,1.4200000000000004,9.389031688591864,1.0,390.67605633802816,303.0774647887324,10.030000000000001,1.0,54.0,3.0
1.3900000000000003,1.4300000000000004,9.389031688591864,4.0,374.34265734265733,558.8041958041958,10.030000000000001,1.0,54.0,3.0
1.3900000000000003,1.4900000000000002,9.389031688591864,4.0,317.3959731543624,513.6979865771812,10.030000000000001,1.0,54.0,3.0
1.13,5.180000000000001,9.389031688591864,1.0,383.75096525096524,266.1505791505792,10.030000000000001,1.0,54.0,3.0
4.620000000000001,5.230000000000001,15.687825793775543,2.0,267.7495219885277,310.7074569789675,10.030000000000001,1.0,54.0,3.0
1.4400000000000004,7.900000000000001,9.389031688591864,1.0,378.0518987341772,388.27088607594936,10.030000000000001,1.0,54.0,3.0
0.0,0.0,0.0,0.0,336.6543778801843,415.2217741935484,0.3099999999999987,1.0,55.0,3.0
1.0600000000000005,1.0400000000000005,9.402971943199594,1.0,396.95283018867923,236.24528301886792,-1.2899999999999991,0.0,58.0,3.0
13.880000000000004,1.3500000000000003,9.402971943199594,4.0,334.6729106628242,566.2636887608069,-1.2899999999999991,0.0,58.0,3.0
13.880000000000004,1.5400000000000005,9.402971943199594,4.0,334.6729106628242,566.2636887608069,-1.2899999999999991,0.0,58.0,3.0
1.4500000000000002,1.5800000000000003,9.402971943199594,4.0,375.4620253164557,560.4113924050633,0.7800000000000011,1.0,58.0,3.0
5.090000000000001,5.120000000000001,10.547816826602286,2.0,267.107421875,308.779296875,0.7800000000000011,1.0,58.0,3.0
1.4600000000000002,5.220000000000001,9.402971943199594,1.0,384.2068965517241,281.39080459770116,0.7800000000000011,1.0,58.0,3.0
13.710000000000004,13.880000000000004,9.402971943199594,4.0,334.6729106628242,566.2636887608069,0.7800000000000011,1.0,58.0,3.0
0.0,0.0,0.0,0.0,327.7584905660377,393.9056603773585,0.7799999999999976,1.0,59.0,3.0
0.0,0.0,0.0,0.0,339.0842963970088,418.3208701563562,0.7799999999999976,1.0,59.0,3.0
1.1100000000000003,1.15,9.618544323173698,4.0,339.0086956521739,647.7913043478261,2.039999999999999,1.0,60.0,3.0
1.4100000000000004,1.5300000000000002,9.618544323173698,1.0,392.91503267973854,339.2352941176471,2.039999999999999,1.0,60.0,3.0
1.5800000000000003,1.6800000000000004,9.618544323173698,4.0,375.0059523809524,561.5238095238095,2.039999999999999,1.0,60.0,3.0
4.8100000000000005,4.920000000000001,21.764871733847652,2.0,266.6361788617886,307.719512195122,2.039999999999999,1.0,60.0,3.0
8.970000000000002,12.920000000000002,9.618544323173698,4.0,334.5092879256966,558.2577399380805,2.039999999999999,1.0,60.0,3.0
0.0,0.0,0.0,0.0,326.81497797356826,393.45814977973566,-0.4200000000000017,0.0,62.0,3.0
0.0,0.0,0.0,0.0,329.25671812464265,410.8496283590623,-0.4200000000000017,0.0,62.0,3.0
0.0,0.0,0.0,0.0,334.57269209508013,413.338861249309,-1.6699999999999982,0.0,63.0,3.0
0.0,0.0,0.0,0.0,312.13322091062395,412.54300168634063,-3.210000000000001,0.0,64.0,3.0
0.0,0.0,0.0,0.0,362.9463687150838,415.93854748603354,-3.210000000000001,0.0,64.0,3.0
9.04,9.320000000000002,19.932432292699524,3.0,363.087982832618,415.51072961373393,2.169999999999998,1.0,65.0,3.0
1.0300000000000002,1.1100000000000003,19.932432292699524,4.0,338.14414414414415,647.8828828828829,2.169999999999998,1.0,65.0,3.0
1.3700000000000003,1.4800000000000002,19.932432292699524,1.0,391.3310810810811,340.2567567567568,2.169999999999998,1.0,65.0,3.0
1.5000000000000002,1.5700000000000005,19.932432292699524,4.0,375.45859872611464,562.140127388535,2.169999999999998,1.0,65.0,3.0
1.6000000000000003,2.4700000000000006,20.810272237678227,2.0,280.11336032388664,402.3076923076923,2.169999999999998,1.0,65.0,3.0
2.8200000000000007,4.980000000000001,20.810272237678227,2.0,267.4116465863454,307.86546184738955,2.169999999999998,1.0,65.0,3.0
6.650000000000001,6.870000000000001,19.932432292699524,1.0,386.50655021834064,273.07423580786025,2.169999999999998,1.0,65.0,3.0
1.7400000000000004,2.8600000000000008,19.9236608510619,2.0,261.61538461538464,310.77972027972027,0.3300000000000054,1.0,67.0,3.0
9.080000000000002,8.850000000000001,10.361295666068163,3.0,303.2125550660793,408.2378854625551,-2.9099999999999966,0.0,70.0,3.0
1.9500000000000004,1.4500000000000002,20.90832939149682,4.0,342.2153846153846,562.2461538461539,-2.9099999999999966,0.0,70.0,3.0
4.890000000000001,1.7400000000000004,10.361295666068163,2.0,266.4437627811861,306.0020449897751,-2.9099999999999966,0.0,70.0,3.0
4.890000000000001,1.4900000000000002,10.361295666068163,2.0,266.4437627811861,306.0020449897751,-2.9099999999999966,0.0,70.0,3.0
6.330000000000001,1.4500000000000002,20.90832939149682,4.0,335.14218009478674,608.0300157977883,-2.9099999999999966,0.0,70.0,3.0
6.790000000000001,6.6800000000000015,10.361295666068163,1.0,387.5846833578792,269.5316642120766,-2.9099999999999966,0.0,70.0,3.0
4.910000000000001,5.080000000000001,20.90832939149682,4.0,332.1909448818898,522.6102362204724,0.3600000000000012,1.0,70.0,3.0
2.01,6.790000000000001,10.361295666068163,1.0,387.5846833578792,269.5316642120766,0.3600000000000012,1.0,70.0,3.0
1.5100000000000002,6.790000000000001,10.361295666068163,1.0,387.5846833578792,269.5316642120766,0.3600000000000012,1.0,70.0,3.0
0.0,0.0,0.0,0.0,303.0033632286995,408.31502242152465,-6.570000000000002,0.0,72.0,3.0
2.26,1.6300000000000003,21.42856807528109,4.0,340.4513274336283,637.7477876106195,-0.47999999999999865,0.0,76.0,3.0
3.1000000000000005,3.0800000000000005,21.42856807528109,4.0,340.9451612903226,448.30967741935484,-0.47999999999999865,0.0,76.0,3.0
7.1400000000000015,1.9800000000000004,13.309790392465361,1.0,386.796918767507,269.50840336134456,-0.47999999999999865,0.0,76.0,3.0
7.800000000000002,4.710000000000001,13.309790392465361,1.0,379.8692307692308,385.7102564102564,-0.47999999999999865,0.0,76.0,3.0
11.310000000000002,2.890000000000001,21.42856807528109,4.0,333.8912466843501,554.1494252873563,-0.47999999999999865,0.0,76.0,3.0
11.310000000000002,2.5800000000000005,21.42856807528109,4.0,333.8912466843501,554.1494252873563,-0.47999999999999865,0.0,76.0,3.0
0.91,0.8100000000000002,11.715540773249792,2.0,267.16483516483515,322.6263736263736,-2.25,0.0,77.0,3.0
1.5300000000000002,1.4300000000000004,11.715540773249792,2.0,268.4117647058824,360.8562091503268,-2.25,0.0,77.0,3.0
2.3300000000000005,1.4300000000000004,15.20388201558815,4.0,340.0901287553648,638.2575107296137,-2.25,0.0,77.0,3.0
3.1600000000000006,3.1000000000000005,15.20388201558815,4.0,341.3955696202532,447.7088607594937,-2.25,0.0,77.0,3.0
3.730000000000001,3.5300000000000007,11.715540773249792,2.0,264.42627345844505,300.686327077748,-2.25,0.0,77.0,3.0
7.900000000000001,7.800000000000002,11.715540773249792,1.0,380.0253164556962,385.39240506329116,-2.25,0.0,77.0,3.0
13.780000000000005,11.310000000000002,15.20388201558815,4.0,339.62264150943395,555.8403483309144,-2.25,0.0,77.0,3.0
13.780000000000005,2.26,15.20388201558815,4.0,339.62264150943395,555.8403483309144,-2.25,0.0,77.0,3.0
0.9400000000000002,2.3400000000000003,11.715540773249792,2.0,278.0683760683761,404.5769230769231,2.7299999999999986,1.0,77.0,3.0
6.700000000000001,7.050000000000002,11.715540773249792,1.0,386.8992907801418,267.6950354609929,2.7299999999999986,1.0,77.0,3.0
7.810000000000001,7.900000000000001,11.715540773249792,1.0,380.0253164556962,385.39240506329116,2.7299999999999986,1.0,77.0,3.0
8.660000000000002,13.780000000000005,15.20388201558815,4.0,339.62264150943395,555.8403483309144,2.7299999999999986,1.0,77.0,3.0
2.4700000000000006,13.780000000000005,15.20388201558815,4.0,339.62264150943395,555.8403483309144,2.7299999999999986,1.0,77.0,3.0
1.0000000000000002,3.2100000000000004,22.256148084241026,4.0,341.9688473520249,447.68224299065423,9.969999999999999,1.0,78.0,3.0
4.880000000000001,4.900000000000001,22.256148084241026,4.0,333.76326530612243,586.3795918367347,9.969999999999999,1.0,78.0,3.0
6.660000000000001,6.700000000000001,10.726088779369073,1.0,387.2358208955224,267.57462686567163,9.969999999999999,1.0,78.0,3.0
6.660000000000001,7.810000000000001,10.726088779369073,1.0,380.3290653008963,384.9795134443022,9.969999999999999,1.0,78.0,3.0
8.300000000000002,8.660000000000002,22.256148084241026,4.0,342.9769053117783,540.0658198614319,9.969999999999999,1.0,78.0,3.0
0.0,0.0,0.0,0.0,329.9623655913978,391.81720430107526,-1.909999999999993,0.0,80.0,3.0
0.0,0.0,0.0,0.0,334.6853055916775,411.4336801040312,-1.909999999999993,0.0,80.0,3.0
1.6000000000000003,1.5500000000000005,5.885054040414677,2.0,269.45,361.41875,-5.930000000000005,0.0,84.0,3.0
2.9400000000000004,1.3900000000000003,5.885054040414677,1.0,390.28231292517006,352.44557823129253,-5.930000000000005,0.0,84.0,3.0
2.9400000000000004,0.9600000000000002,5.885054040414677,1.0,390.28231292517006,352.44557823129253,-5.930000000000005,0.0,84.0,3.0
5.260000000000001,2.4900000000000007,5.885054040414677,4.0,338.4885931558935,617.6292775665399,-5.930000000000005,0.0,84.0,3.0
5.7200000000000015,5.040000000000001,5.885054040414677,2.0,289.71153846153845,408.81293706293707,-5.930000000000005,0.0,84.0,3.0
0.0,0.0,0.0,0.0,363.57608695652175,398.32608695652175,4.360000000000001,1.0,84.0,3.0
0.0,0.0,0.0,0.0,329.7303370786517,391.96067415730334,4.360000000000001,1.0,84.0,3.0
0.0,0.0,0.0,0.0,353.9112426035503,427.7775147928994,4.360000000000001,1.0,84.0,3.0
0.0,0.0,0.0,0.0,364.45544554455444,398.6831683168317,-4.0,0.0,86.0,3.0
0.0,0.0,0.0,0.0,330.5869565217391,392.0054347826087,-4.0,0.0,86.0,3.0
0.0,0.0,0.0,0.0,354.29099307159356,428.6200923787529,-4.0,0.0,86.0,3.0
0.0,0.0,0.0,0.0,364.4183673469388,397.8775510204082,-8.620000000000001,0.0,87.0,3.0
0.0,0.0,0.0,0.0,330.1780104712042,392.32984293193715,-8.620000000000001,0.0,87.0,3.0
0.0,0.0,0.0,0.0,330.74,392.515,-0.8900000000000001,0.0,88.0,3.0
0.0,0.0,0.0,0.0,330.74,392.515,2.7400000000000007,1.0,88.0,3.0
0.0,0.0,0.0,0.0,330.41269841269843,392.1375661375661,-2.8500000000000005,0.0,90.0,3.0
0.0,0.0,0.0,0.0,330.41269841269843,392.1375661375661,5.390000000000001,1.0,90.0,3.0
0.0,0.0,0.0,0.0,330.5105263157895,392.0473684210526,0.35000000000000053,1.0,91.0,3.0
0.0,0.0,0.0,0.0,290.1728624535316,409.02788104089217,0.35000000000000053,1.0,91.0,3.0
9.090000000000002,7.040000000000001,19.43915193316602,1.0,376.9097909790979,389.4400440044004,-0.7400000000000002,0.0,95.0,3.0
1.0300000000000002,1.0800000000000003,19.43915193316602,1.0,396.18518518518516,236.86111111111111,0.4500000000000002,1.0,95.0,3.0
9.02,9.090000000000002,19.43915193316602,1.0,376.9097909790979,389.4400440044004,0.4500000000000002,1.0,95.0,3.0
0.0,0.0,0.0,0.0,301.937583001328,404.2934926958831,12.590000000000003,1.0,96.0,3.0
4.870000000000001,6.210000000000001,23.53037938438943,4.0,335.55233494363927,612.4653784219001,0.9899999999999984,1.0,97.0,3.0
1.2800000000000002,6.210000000000001,23.53037938438943,4.0,335.55233494363927,612.4653784219001,0.9899999999999984,1.0,97.0,3.0
0.0,0.0,0.0,0.0,332.9269275028769,415.80955120828537,-3.7300000000000004,0.0,99.0,3.0
