Volume_pre,Volume_post,Significance,label,Frame
2.870000000000001,3.630000000000001,1.0,1.0,0.0
3.630000000000001,1.6500000000000004,1.0,1.0,1.0
1.6500000000000004,1.6900000000000004,0.0,1.0,2.0
1.9700000000000004,0.6700000000000002,1.0,1.0,8.0
3.3300000000000005,1.12,1.0,1.0,10.0
3.0900000000000007,0.7500000000000001,1.0,1.0,12.0
1.8500000000000003,1.16,1.0,2.0,3.0
2.5600000000000005,2.5600000000000005,0.0,2.0,17.0
2.5600000000000005,2.4900000000000007,0.0,2.0,18.0
2.4900000000000007,1.92,1.0,2.0,19.0
1.92,2.9700000000000006,1.0,2.0,20.0
2.9700000000000006,2.6400000000000006,1.0,2.0,21.0
2.6400000000000006,2.670000000000001,0.0,2.0,22.0
2.670000000000001,2.250000000000001,1.0,2.0,23.0
2.250000000000001,2.4700000000000006,0.0,2.0,24.0
2.4700000000000006,2.7700000000000005,1.0,2.0,25.0
2.7700000000000005,2.6900000000000004,0.0,2.0,26.0
2.6900000000000004,2.4200000000000004,1.0,2.0,27.0
2.4200000000000004,1.8900000000000001,1.0,2.0,28.0
1.8900000000000001,2.2700000000000005,1.0,2.0,29.0
2.2700000000000005,1.4900000000000002,1.0,2.0,30.0
1.9300000000000004,1.0600000000000005,1.0,2.0,32.0
1.4600000000000002,1.8000000000000005,1.0,3.0,0.0
1.8000000000000005,0.6800000000000002,1.0,3.0,1.0
1.4300000000000004,0.9700000000000002,1.0,5.0,0.0
2.2500000000000004,2.2200000000000006,0.0,5.0,2.0
2.2200000000000006,3.9400000000000004,1.0,5.0,3.0
3.9400000000000004,4.990000000000001,1.0,5.0,4.0
4.990000000000001,3.9000000000000012,1.0,5.0,5.0
3.9000000000000012,3.810000000000001,0.0,5.0,6.0
3.810000000000001,3.490000000000001,1.0,5.0,7.0
3.490000000000001,4.860000000000001,1.0,5.0,8.0
4.860000000000001,2.9300000000000006,1.0,5.0,9.0
2.9300000000000006,3.950000000000001,1.0,5.0,10.0
3.950000000000001,3.500000000000001,1.0,5.0,11.0
3.500000000000001,4.320000000000001,1.0,5.0,12.0
4.320000000000001,2.03,1.0,5.0,13.0
2.03,3.630000000000001,1.0,5.0,14.0
3.630000000000001,3.140000000000001,1.0,5.0,15.0
3.140000000000001,4.19,1.0,5.0,16.0
4.19,3.3200000000000007,1.0,5.0,17.0
3.3200000000000007,0.0,1.0,5.0,18.0
2.890000000000001,1.4700000000000002,1.0,5.0,20.0
2.0900000000000003,1.3400000000000003,1.0,5.0,25.0
1.8500000000000003,0.6100000000000001,1.0,6.0,14.0
1.4500000000000002,0.0,1.0,7.0,1.0
5.0600000000000005,2.9500000000000006,1.0,8.0,1.0
2.9500000000000006,5.8900000000000015,1.0,8.0,2.0
5.8900000000000015,5.920000000000002,0.0,8.0,3.0
5.920000000000002,2.7300000000000004,1.0,8.0,4.0
2.7300000000000004,5.3900000000000015,1.0,8.0,5.0
5.3900000000000015,5.330000000000001,0.0,8.0,6.0
5.330000000000001,3.8400000000000007,1.0,8.0,7.0
3.8400000000000007,3.4900000000000007,1.0,8.0,8.0
3.4900000000000007,3.0500000000000007,1.0,8.0,9.0
3.0500000000000007,4.700000000000001,1.0,8.0,10.0
4.700000000000001,0.0,1.0,8.0,11.0
5.040000000000001,3.670000000000001,1.0,8.0,13.0
3.670000000000001,1.3800000000000003,1.0,8.0,14.0
4.0600000000000005,5.510000000000001,1.0,8.0,16.0
5.510000000000001,1.8100000000000005,1.0,8.0,17.0
6.840000000000002,0.0,1.0,8.0,19.0
5.6400000000000015,3.890000000000001,1.0,8.0,22.0
3.890000000000001,3.500000000000001,1.0,8.0,23.0
3.500000000000001,3.380000000000001,0.0,8.0,24.0
3.380000000000001,5.950000000000001,1.0,8.0,25.0
5.950000000000001,5.370000000000001,1.0,8.0,26.0
5.370000000000001,4.410000000000001,1.0,8.0,27.0
4.410000000000001,0.7000000000000002,1.0,8.0,28.0
3.9100000000000006,4.5200000000000005,1.0,8.0,30.0
4.5200000000000005,4.300000000000001,0.0,8.0,31.0
4.300000000000001,4.580000000000001,1.0,8.0,32.0
4.580000000000001,6.620000000000001,1.0,8.0,33.0
6.620000000000001,3.1600000000000006,1.0,8.0,34.0
3.1600000000000006,3.9100000000000006,1.0,8.0,35.0
3.9100000000000006,0.7800000000000001,1.0,8.0,36.0
3.1100000000000008,2.7200000000000006,1.0,8.0,39.0
2.7200000000000006,5.380000000000001,1.0,8.0,40.0
5.380000000000001,4.710000000000001,1.0,8.0,41.0
4.710000000000001,5.710000000000001,1.0,8.0,42.0
5.710000000000001,0.8000000000000002,1.0,8.0,43.0
5.040000000000001,1.12,1.0,8.0,45.0
3.8900000000000015,5.020000000000001,1.0,8.0,47.0
5.020000000000001,3.500000000000001,1.0,8.0,48.0
3.500000000000001,3.8600000000000008,1.0,8.0,49.0
3.8600000000000008,0.7400000000000001,1.0,8.0,50.0
3.8000000000000007,3.1500000000000012,1.0,8.0,52.0
3.1500000000000012,2.7900000000000005,1.0,8.0,53.0
2.7900000000000005,3.6800000000000006,1.0,8.0,54.0
3.6800000000000006,2.5000000000000004,1.0,8.0,55.0
2.5000000000000004,3.5600000000000005,1.0,8.0,56.0
3.5600000000000005,2.8900000000000006,1.0,8.0,57.0
2.8900000000000006,3.1800000000000006,1.0,8.0,58.0
3.1800000000000006,3.0900000000000007,0.0,8.0,59.0
3.0900000000000007,1.0000000000000002,1.0,8.0,60.0
1.7900000000000005,1.0400000000000005,1.0,8.0,62.0
2.7400000000000007,1.2100000000000002,1.0,8.0,65.0
2.01,1.4500000000000002,1.0,8.0,68.0
1.4500000000000002,0.6900000000000002,1.0,8.0,69.0
1.8700000000000003,0.0,1.0,8.0,71.0
1.5900000000000003,1.6500000000000004,0.0,8.0,78.0
1.6500000000000004,0.7300000000000001,1.0,8.0,79.0
4.3100000000000005,5.020000000000001,1.0,9.0,0.0
5.020000000000001,7.640000000000001,1.0,9.0,1.0
7.640000000000001,8.870000000000003,1.0,9.0,2.0
8.870000000000003,6.030000000000002,1.0,9.0,3.0
6.030000000000002,9.380000000000004,1.0,9.0,4.0
9.380000000000004,8.980000000000002,1.0,9.0,5.0
8.980000000000002,8.600000000000001,1.0,9.0,6.0
8.600000000000001,9.500000000000002,1.0,9.0,7.0
9.500000000000002,7.650000000000001,1.0,9.0,8.0
7.650000000000001,6.700000000000002,1.0,9.0,9.0
6.700000000000002,6.25,1.0,9.0,10.0
6.25,7.870000000000002,1.0,9.0,11.0
7.870000000000002,8.340000000000002,1.0,9.0,12.0
8.340000000000002,7.000000000000002,1.0,9.0,13.0
7.000000000000002,7.330000000000001,1.0,9.0,14.0
7.330000000000001,5.740000000000001,1.0,9.0,15.0
5.740000000000001,5.170000000000001,1.0,9.0,16.0
5.170000000000001,6.730000000000001,1.0,9.0,17.0
6.730000000000001,5.700000000000001,1.0,9.0,18.0
5.700000000000001,4.890000000000001,1.0,9.0,19.0
4.890000000000001,5.530000000000001,1.0,9.0,20.0
5.530000000000001,4.690000000000001,1.0,9.0,21.0
4.690000000000001,4.630000000000002,0.0,9.0,22.0
4.630000000000002,4.110000000000001,1.0,9.0,23.0
4.110000000000001,5.730000000000001,1.0,9.0,24.0
5.730000000000001,4.660000000000001,1.0,9.0,25.0
4.660000000000001,3.650000000000001,1.0,9.0,26.0
3.650000000000001,4.380000000000001,1.0,9.0,27.0
4.380000000000001,3.5400000000000014,1.0,9.0,28.0
3.5400000000000014,2.940000000000001,1.0,9.0,29.0
2.940000000000001,4.090000000000001,1.0,9.0,30.0
4.090000000000001,2.810000000000001,1.0,9.0,31.0
2.810000000000001,4.660000000000002,1.0,9.0,32.0
4.660000000000002,3.710000000000001,1.0,9.0,33.0
3.710000000000001,3.560000000000001,0.0,9.0,34.0
3.560000000000001,4.890000000000001,1.0,9.0,35.0
4.890000000000001,5.1400000000000015,1.0,9.0,36.0
5.1400000000000015,5.440000000000001,1.0,9.0,37.0
5.440000000000001,5.200000000000001,0.0,9.0,38.0
5.200000000000001,4.86,1.0,9.0,39.0
4.86,4.630000000000001,0.0,9.0,40.0
4.630000000000001,3.3900000000000006,1.0,9.0,41.0
3.3900000000000006,1.0300000000000002,1.0,9.0,42.0
3.290000000000001,0.7600000000000001,1.0,9.0,45.0
1.87,1.5500000000000005,1.0,9.0,47.0
2.8000000000000007,2.6900000000000004,0.0,9.0,51.0
2.6900000000000004,1.4400000000000004,1.0,9.0,52.0
1.8900000000000003,1.9200000000000004,0.0,9.0,54.0
1.9200000000000004,1.4200000000000004,1.0,9.0,55.0
2.0000000000000004,1.9300000000000004,0.0,9.0,58.0
1.9300000000000004,0.6800000000000002,1.0,9.0,59.0
2.4800000000000004,2.2000000000000006,1.0,9.0,61.0
2.2000000000000006,2.4300000000000006,0.0,9.0,62.0
2.4300000000000006,2.4700000000000006,0.0,9.0,63.0
2.4700000000000006,4.090000000000001,1.0,9.0,64.0
4.090000000000001,3.330000000000001,1.0,9.0,65.0
3.330000000000001,3.670000000000001,1.0,9.0,66.0
3.670000000000001,3.1800000000000006,1.0,9.0,67.0
3.1800000000000006,4.520000000000001,1.0,9.0,68.0
4.520000000000001,3.9600000000000013,1.0,9.0,69.0
3.9600000000000013,5.210000000000001,1.0,9.0,70.0
5.210000000000001,4.830000000000002,1.0,9.0,71.0
4.830000000000002,4.0200000000000005,1.0,9.0,72.0
4.0200000000000005,4.600000000000001,1.0,9.0,73.0
4.600000000000001,1.2300000000000002,1.0,9.0,74.0
2.5900000000000007,5.780000000000001,1.0,9.0,76.0
5.780000000000001,4.890000000000001,1.0,9.0,77.0
4.890000000000001,3.830000000000001,1.0,9.0,78.0
3.830000000000001,6.090000000000002,1.0,9.0,79.0
6.090000000000002,2.8900000000000006,1.0,9.0,80.0
2.8900000000000006,3.7,1.0,9.0,81.0
3.7,5.670000000000001,1.0,9.0,82.0
5.670000000000001,6.260000000000002,1.0,9.0,83.0
6.260000000000002,3.9100000000000006,1.0,9.0,84.0
3.9100000000000006,4.130000000000001,0.0,9.0,85.0
4.130000000000001,3.870000000000001,1.0,9.0,86.0
3.870000000000001,3.8000000000000007,0.0,9.0,87.0
3.8000000000000007,0.6600000000000001,1.0,9.0,88.0
2.1700000000000004,3.2100000000000004,1.0,9.0,90.0
3.2100000000000004,2.0400000000000005,1.0,9.0,91.0
2.0400000000000005,3.7400000000000007,1.0,9.0,92.0
3.7400000000000007,1.6600000000000004,1.0,9.0,93.0
1.6600000000000004,3.370000000000001,1.0,9.0,94.0
3.370000000000001,2.4800000000000004,1.0,9.0,95.0
2.4800000000000004,1.3100000000000005,1.0,9.0,96.0
2.460000000000001,1.3200000000000003,1.0,9.0,100.0
3.2400000000000007,2.210000000000001,1.0,9.0,102.0
2.210000000000001,2.5800000000000005,1.0,9.0,103.0
2.5800000000000005,2.5600000000000005,0.0,9.0,104.0
2.5600000000000005,3.8400000000000007,1.0,9.0,105.0
3.8400000000000007,1.3200000000000005,1.0,9.0,106.0
1.4100000000000004,3.5300000000000007,1.0,9.0,108.0
3.5300000000000007,0.0,1.0,9.0,109.0
2.0500000000000003,2.5500000000000007,1.0,9.0,111.0
2.5500000000000007,3.2700000000000005,1.0,9.0,112.0
3.2700000000000005,0.0,1.0,9.0,113.0
1.8600000000000003,1.8900000000000003,0.0,9.0,115.0
1.8900000000000003,2.120000000000001,0.0,9.0,116.0
2.120000000000001,3.190000000000001,1.0,9.0,117.0
3.190000000000001,3.2000000000000006,0.0,9.0,118.0
3.2000000000000006,1.9500000000000004,1.0,9.0,119.0
1.9500000000000004,1.2300000000000002,1.0,9.0,120.0
2.0600000000000005,2.2300000000000004,0.0,9.0,124.0
2.2300000000000004,2.120000000000001,0.0,9.0,125.0
2.120000000000001,1.9400000000000004,0.0,9.0,126.0
1.9400000000000004,0.6000000000000001,1.0,9.0,127.0
2.5800000000000005,2.3800000000000003,0.0,9.0,129.0
2.3800000000000003,2.1300000000000003,0.0,9.0,130.0
2.1300000000000003,2.2900000000000005,0.0,9.0,131.0
2.2900000000000005,2.890000000000001,1.0,9.0,132.0
2.890000000000001,2.4700000000000006,1.0,9.0,133.0
2.4700000000000006,2.6300000000000003,0.0,9.0,134.0
2.6300000000000003,2.2300000000000004,1.0,9.0,135.0
2.2300000000000004,1.1700000000000002,1.0,9.0,136.0
3.8200000000000007,2.3000000000000007,1.0,9.0,139.0
2.3000000000000007,2.8000000000000007,1.0,9.0,140.0
2.8000000000000007,0.0,1.0,9.0,141.0
1.9100000000000004,0.0,1.0,9.0,143.0
6.200000000000001,2.3600000000000003,1.0,9.0,145.0
2.3600000000000003,4.380000000000001,1.0,9.0,146.0
4.380000000000001,3.830000000000001,1.0,9.0,147.0
3.830000000000001,2.99,1.0,9.0,148.0
2.99,3.2900000000000005,1.0,9.0,149.0
3.2900000000000005,2.7200000000000006,1.0,9.0,150.0
2.7200000000000006,3.1600000000000006,1.0,9.0,151.0
3.1600000000000006,3.580000000000001,1.0,9.0,152.0
3.580000000000001,2.6900000000000004,1.0,9.0,153.0
2.6900000000000004,2.5000000000000004,0.0,9.0,154.0
2.5000000000000004,3.1400000000000006,1.0,9.0,155.0
3.1400000000000006,3.810000000000001,1.0,9.0,156.0
3.810000000000001,1.0700000000000005,1.0,9.0,157.0
3.830000000000001,7.880000000000002,1.0,9.0,159.0
7.880000000000002,3.990000000000001,1.0,9.0,160.0
3.990000000000001,3.410000000000001,1.0,9.0,161.0
3.410000000000001,3.690000000000001,1.0,9.0,162.0
3.690000000000001,2.5700000000000003,1.0,9.0,163.0
2.5700000000000003,5.580000000000001,1.0,9.0,164.0
5.580000000000001,2.7400000000000007,1.0,9.0,165.0
2.7400000000000007,5.880000000000001,1.0,9.0,166.0
5.880000000000001,3.960000000000001,1.0,9.0,167.0
3.960000000000001,6.840000000000002,1.0,9.0,168.0
6.840000000000002,4.970000000000001,1.0,9.0,169.0
4.970000000000001,4.3100000000000005,1.0,9.0,170.0
4.3100000000000005,6.900000000000002,1.0,9.0,171.0
6.900000000000002,4.760000000000001,1.0,9.0,172.0
4.760000000000001,5.630000000000001,1.0,9.0,173.0
5.630000000000001,7.040000000000001,1.0,9.0,174.0
7.040000000000001,3.4100000000000006,1.0,9.0,175.0
3.4100000000000006,0.7200000000000002,1.0,9.0,176.0
6.980000000000001,4.490000000000001,1.0,9.0,178.0
4.490000000000001,3.8300000000000005,1.0,9.0,179.0
3.8300000000000005,2.9800000000000004,1.0,9.0,180.0
2.9800000000000004,3.250000000000001,1.0,9.0,181.0
3.250000000000001,6.110000000000001,1.0,9.0,182.0
6.110000000000001,4.960000000000001,1.0,9.0,183.0
4.960000000000001,4.650000000000001,1.0,9.0,184.0
4.650000000000001,2.9500000000000006,1.0,9.0,185.0
2.9500000000000006,5.9300000000000015,1.0,9.0,186.0
5.9300000000000015,6.170000000000002,0.0,9.0,187.0
6.170000000000002,2.4500000000000006,1.0,9.0,188.0
2.4500000000000006,1.0200000000000002,1.0,9.0,189.0
3.750000000000001,2.4800000000000004,1.0,9.0,192.0
2.4800000000000004,4.99,1.0,9.0,193.0
4.99,3.2600000000000007,1.0,9.0,194.0
3.2600000000000007,3.1799999999999997,0.0,9.0,195.0
3.1799999999999997,6.840000000000002,1.0,9.0,196.0
6.840000000000002,3.5700000000000003,1.0,9.0,197.0
3.5700000000000003,0.0,1.0,9.0,198.0
4.920000000000001,0.0,1.0,9.0,200.0
2.7900000000000005,0.0,1.0,12.0,2.0
3.460000000000001,0.0,1.0,12.0,5.0
2.2000000000000006,0.6200000000000001,1.0,12.0,10.0
7.580000000000002,0.0,1.0,12.0,12.0
3.420000000000001,1.16,1.0,12.0,15.0
3.6800000000000006,0.0,1.0,12.0,18.0
5.670000000000002,10.150000000000002,1.0,12.0,20.0
10.150000000000002,0.0,1.0,12.0,21.0
2.1300000000000003,0.0,1.0,12.0,25.0
2.0400000000000005,5.360000000000001,1.0,12.0,28.0
5.360000000000001,1.5900000000000003,1.0,12.0,29.0
1.5900000000000003,0.0,1.0,12.0,30.0
5.140000000000001,0.0,1.0,12.0,37.0
2.1900000000000004,0.0,1.0,12.0,40.0
3.190000000000001,0.0,1.0,12.0,42.0
1.9200000000000004,0.0,1.0,12.0,44.0
1.9500000000000004,0.0,1.0,13.0,2.0
1.9400000000000004,0.0,1.0,14.0,8.0
2.6600000000000006,0.6700000000000002,1.0,14.0,11.0
3.690000000000001,0.7000000000000002,1.0,14.0,13.0
5.020000000000001,0.0,1.0,15.0,1.0
2.3300000000000005,2.6000000000000005,1.0,17.0,2.0
2.6000000000000005,1.9800000000000004,1.0,17.0,3.0
1.9800000000000004,0.7500000000000001,1.0,17.0,4.0
3.1000000000000005,2.6300000000000003,1.0,17.0,6.0
2.6300000000000003,1.1000000000000003,1.0,17.0,7.0
4.840000000000001,3.1800000000000006,1.0,17.0,9.0
3.1800000000000006,0.7600000000000001,1.0,17.0,10.0
2.0000000000000004,1.0300000000000002,1.0,17.0,14.0
3.1000000000000005,1.8100000000000005,1.0,17.0,16.0
1.8100000000000005,0.0,1.0,17.0,17.0
1.8100000000000005,0.8400000000000002,1.0,18.0,0.0
1.9000000000000004,0.8800000000000001,1.0,18.0,2.0
2.2000000000000006,1.9300000000000004,1.0,18.0,5.0
1.9500000000000004,1.16,1.0,18.0,63.0
3.500000000000001,4.010000000000002,1.0,18.0,65.0
4.010000000000002,1.9600000000000004,1.0,18.0,66.0
1.9600000000000004,2.0400000000000005,0.0,18.0,67.0
2.0400000000000005,3.750000000000001,1.0,18.0,68.0
3.750000000000001,4.250000000000001,1.0,18.0,69.0
4.250000000000001,2.8900000000000006,1.0,18.0,70.0
2.8900000000000006,1.1800000000000002,1.0,18.0,71.0
3.870000000000001,3.0700000000000007,1.0,18.0,73.0
3.0700000000000007,1.8800000000000003,1.0,18.0,74.0
1.8800000000000003,4.0200000000000005,1.0,18.0,75.0
4.0200000000000005,1.7700000000000002,1.0,18.0,76.0
1.7700000000000002,1.6300000000000003,0.0,18.0,77.0
1.6300000000000003,0.56,1.0,18.0,78.0
2.4700000000000006,1.0600000000000005,1.0,18.0,83.0
1.6100000000000003,0.0,1.0,18.0,88.0
1.7200000000000006,1.7400000000000004,0.0,18.0,90.0
1.7400000000000004,2.7000000000000006,1.0,18.0,91.0
2.7000000000000006,1.5300000000000002,1.0,18.0,92.0
1.5300000000000002,1.85,1.0,18.0,93.0
1.85,0.7300000000000001,1.0,18.0,94.0
1.9500000000000004,0.7100000000000002,1.0,18.0,97.0
1.7600000000000002,2.630000000000001,1.0,18.0,100.0
2.630000000000001,1.74,1.0,18.0,101.0
1.74,1.8000000000000005,0.0,18.0,102.0
1.8000000000000005,1.0900000000000003,1.0,18.0,103.0
2.18,1.9500000000000004,0.0,18.0,105.0
1.9500000000000004,1.8800000000000003,0.0,18.0,106.0
1.8800000000000003,1.7600000000000002,0.0,18.0,107.0
1.7600000000000002,1.14,1.0,18.0,108.0
2.9900000000000007,2.16,1.0,18.0,111.0
2.16,1.7200000000000004,1.0,18.0,112.0
1.7200000000000004,1.6600000000000004,0.0,18.0,113.0
1.6600000000000004,2.38,1.0,18.0,114.0
2.38,2.8900000000000006,1.0,18.0,115.0
2.8900000000000006,1.3900000000000003,1.0,18.0,116.0
2.910000000000001,4.050000000000001,1.0,18.0,118.0
4.050000000000001,2.6800000000000006,1.0,18.0,119.0
2.6800000000000006,1.8300000000000003,1.0,18.0,120.0
1.8300000000000003,0.0,1.0,18.0,121.0
1.9300000000000004,0.0,1.0,18.0,132.0
1.4300000000000004,0.0,1.0,18.0,135.0
1.3600000000000003,0.0,1.0,18.0,137.0
1.4900000000000002,1.4100000000000004,0.0,19.0,1.0
2.5600000000000005,1.6700000000000004,1.0,21.0,1.0
1.6700000000000004,4.550000000000001,1.0,21.0,2.0
4.550000000000001,1.8000000000000005,1.0,21.0,3.0
1.7200000000000004,1.0600000000000005,1.0,21.0,8.0
2.0600000000000005,0.0,1.0,23.0,6.0
4.410000000000001,4.420000000000002,0.0,23.0,10.0
4.420000000000002,3.5500000000000007,1.0,23.0,11.0
3.5500000000000007,4.73,1.0,23.0,12.0
4.73,5.610000000000001,1.0,23.0,13.0
5.610000000000001,3.790000000000001,1.0,23.0,14.0
3.790000000000001,5.8900000000000015,1.0,23.0,15.0
5.8900000000000015,2.74,1.0,23.0,16.0
2.74,5.800000000000001,1.0,23.0,17.0
5.800000000000001,5.400000000000001,1.0,23.0,18.0
5.400000000000001,5.9300000000000015,1.0,23.0,19.0
5.9300000000000015,2.5500000000000007,1.0,23.0,20.0
2.5500000000000007,0.0,1.0,23.0,21.0
5.520000000000001,2.1700000000000004,1.0,23.0,23.0
2.1700000000000004,3.2800000000000007,1.0,23.0,24.0
3.2800000000000007,5.990000000000001,1.0,23.0,25.0
5.990000000000001,2.9900000000000007,1.0,23.0,26.0
2.9900000000000007,3.460000000000001,1.0,23.0,27.0
3.460000000000001,2.5500000000000007,1.0,23.0,28.0
2.5500000000000007,1.6800000000000004,1.0,23.0,29.0
1.6800000000000004,1.5500000000000003,0.0,23.0,30.0
1.7600000000000002,0.0,1.0,23.0,33.0
2.26,0.0,1.0,23.0,37.0
1.5700000000000005,1.3100000000000003,1.0,24.0,0.0
1.8000000000000005,2.3500000000000005,1.0,24.0,3.0
2.3500000000000005,0.0,1.0,24.0,4.0
2.0700000000000003,2.0100000000000007,0.0,24.0,9.0
2.0100000000000007,0.0,1.0,24.0,10.0
2.6800000000000006,1.6300000000000003,1.0,24.0,13.0
6.750000000000001,0.0,1.0,24.0,15.0
3.120000000000001,1.5600000000000005,1.0,24.0,18.0
7.130000000000002,1.0100000000000002,1.0,24.0,20.0
7.6400000000000015,2.24,1.0,24.0,27.0
2.24,1.5500000000000005,1.0,24.0,28.0
2.2700000000000005,1.7600000000000002,1.0,24.0,30.0
1.7600000000000002,1.7300000000000004,0.0,24.0,31.0
3.0300000000000007,3.8500000000000005,1.0,24.0,33.0
3.8500000000000005,9.340000000000002,1.0,24.0,34.0
9.340000000000002,3.5700000000000007,1.0,24.0,35.0
3.5700000000000007,0.0,1.0,24.0,36.0
2.1300000000000003,0.7000000000000002,1.0,24.0,38.0
3.130000000000001,2.2200000000000006,1.0,24.0,42.0
2.2200000000000006,1.2100000000000002,1.0,24.0,43.0
2.9000000000000004,1.1700000000000002,1.0,24.0,49.0
4.160000000000001,0.0,1.0,24.0,55.0
4.320000000000001,2.68,1.0,24.0,57.0
2.68,0.0,1.0,24.0,58.0
5.960000000000002,3.3300000000000005,1.0,24.0,61.0
3.3300000000000005,4.5200000000000005,1.0,24.0,62.0
4.5200000000000005,2.6000000000000005,1.0,24.0,63.0
2.6000000000000005,0.0,1.0,24.0,64.0
5.100000000000001,7.370000000000001,1.0,24.0,66.0
7.370000000000001,3.8000000000000007,1.0,24.0,67.0
3.8000000000000007,5.050000000000001,1.0,24.0,68.0
5.050000000000001,3.630000000000001,1.0,24.0,69.0
3.630000000000001,4.140000000000001,1.0,24.0,70.0
4.140000000000001,4.48,1.0,24.0,71.0
4.48,4.800000000000001,1.0,24.0,72.0
4.800000000000001,1.7300000000000004,1.0,24.0,73.0
1.7300000000000004,1.83,0.0,24.0,74.0
1.83,4.170000000000002,1.0,24.0,75.0
4.170000000000002,5.4300000000000015,1.0,24.0,76.0
5.4300000000000015,9.05,1.0,24.0,77.0
9.05,9.560000000000002,1.0,24.0,78.0
9.560000000000002,6.600000000000001,1.0,24.0,79.0
6.600000000000001,2.5400000000000005,1.0,24.0,80.0
2.5400000000000005,7.7200000000000015,1.0,24.0,81.0
7.7200000000000015,11.440000000000003,1.0,24.0,82.0
11.440000000000003,0.6000000000000001,1.0,24.0,83.0
12.120000000000003,3.2000000000000006,1.0,24.0,85.0
3.2000000000000006,5.740000000000001,1.0,24.0,86.0
5.740000000000001,13.410000000000002,1.0,24.0,87.0
13.410000000000002,10.1,1.0,24.0,88.0
10.1,5.100000000000001,1.0,24.0,89.0
5.100000000000001,3.880000000000001,1.0,24.0,90.0
3.880000000000001,3.3200000000000007,1.0,24.0,91.0
3.3200000000000007,2.8400000000000007,1.0,24.0,92.0
2.8400000000000007,4.510000000000001,1.0,24.0,93.0
4.510000000000001,8.150000000000002,1.0,24.0,94.0
8.150000000000002,5.590000000000002,1.0,24.0,95.0
5.590000000000002,4.380000000000001,1.0,24.0,96.0
4.380000000000001,4.0200000000000005,1.0,24.0,97.0
4.0200000000000005,10.760000000000002,1.0,24.0,98.0
10.760000000000002,2.9100000000000006,1.0,24.0,99.0
2.9100000000000006,4.230000000000001,1.0,24.0,100.0
4.230000000000001,3.940000000000001,1.0,24.0,101.0
3.940000000000001,0.0,1.0,24.0,102.0
4.690000000000001,6.260000000000002,1.0,24.0,104.0
6.260000000000002,7.4700000000000015,1.0,24.0,105.0
7.4700000000000015,3.5400000000000005,1.0,24.0,106.0
3.5400000000000005,2.630000000000001,1.0,24.0,107.0
2.630000000000001,3.4300000000000006,1.0,24.0,108.0
3.4300000000000006,6.660000000000001,1.0,24.0,109.0
6.660000000000001,8.970000000000002,1.0,24.0,110.0
8.970000000000002,2.2000000000000006,1.0,24.0,111.0
2.2000000000000006,2.87,1.0,24.0,112.0
2.87,3.2600000000000007,1.0,24.0,113.0
3.2600000000000007,0.5500000000000002,1.0,24.0,114.0
9.38,4.220000000000001,1.0,24.0,116.0
4.220000000000001,6.060000000000001,1.0,24.0,117.0
6.060000000000001,4.510000000000001,1.0,24.0,118.0
4.510000000000001,3.940000000000001,1.0,24.0,119.0
3.940000000000001,3.0700000000000007,1.0,24.0,120.0
3.0700000000000007,3.850000000000001,1.0,24.0,121.0
3.850000000000001,4.150000000000001,1.0,24.0,122.0
4.150000000000001,4.290000000000001,0.0,24.0,123.0
4.290000000000001,4.210000000000001,0.0,24.0,124.0
4.210000000000001,3.8200000000000007,1.0,24.0,125.0
3.8200000000000007,5.300000000000001,1.0,24.0,126.0
5.300000000000001,3.7800000000000007,1.0,24.0,127.0
3.7800000000000007,3.670000000000001,0.0,24.0,128.0
3.670000000000001,4.580000000000001,1.0,24.0,129.0
4.580000000000001,3.5700000000000007,1.0,24.0,130.0
3.5700000000000007,6.9300000000000015,1.0,24.0,131.0
6.9300000000000015,4.160000000000001,1.0,24.0,132.0
4.160000000000001,3.960000000000001,0.0,24.0,133.0
3.960000000000001,5.940000000000001,1.0,24.0,134.0
5.940000000000001,7.800000000000002,1.0,24.0,135.0
7.800000000000002,4.9300000000000015,1.0,24.0,136.0
4.9300000000000015,4.550000000000001,1.0,24.0,137.0
4.550000000000001,5.690000000000001,1.0,24.0,138.0
5.690000000000001,3.4900000000000007,1.0,24.0,139.0
3.4900000000000007,5.310000000000001,1.0,24.0,140.0
5.310000000000001,6.8900000000000015,1.0,24.0,141.0
6.8900000000000015,5.380000000000001,1.0,24.0,142.0
5.380000000000001,3.660000000000001,1.0,24.0,143.0
3.660000000000001,5.410000000000001,1.0,24.0,144.0
5.410000000000001,5.660000000000001,0.0,24.0,145.0
5.660000000000001,4.690000000000001,1.0,24.0,146.0
4.690000000000001,4.360000000000001,1.0,24.0,147.0
4.360000000000001,2.6200000000000006,1.0,24.0,148.0
2.6200000000000006,4.110000000000001,1.0,24.0,149.0
4.110000000000001,4.880000000000001,1.0,24.0,150.0
4.880000000000001,4.750000000000001,0.0,24.0,151.0
4.750000000000001,7.260000000000002,1.0,24.0,152.0
7.260000000000002,3.080000000000001,1.0,24.0,153.0
3.080000000000001,1.7500000000000004,1.0,24.0,154.0
1.7500000000000004,8.950000000000001,1.0,24.0,155.0
8.950000000000001,5.730000000000001,1.0,24.0,156.0
5.730000000000001,3.740000000000001,1.0,24.0,157.0
3.740000000000001,0.0,1.0,24.0,158.0
9.300000000000002,6.360000000000001,1.0,24.0,160.0
6.360000000000001,5.420000000000002,1.0,24.0,161.0
5.420000000000002,0.0,1.0,24.0,162.0
1.9100000000000004,1.3300000000000003,1.0,24.0,171.0
1.3300000000000003,0.9800000000000002,1.0,24.0,172.0
1.8000000000000005,0.0,1.0,25.0,0.0
2.9200000000000004,0.0,1.0,25.0,3.0
1.8300000000000003,0.0,1.0,25.0,8.0
2.3200000000000003,4.010000000000001,1.0,26.0,0.0
4.010000000000001,4.730000000000001,1.0,26.0,1.0
4.730000000000001,1.9300000000000006,1.0,26.0,2.0
1.9300000000000006,6.400000000000001,1.0,26.0,3.0
6.400000000000001,4.710000000000001,1.0,26.0,4.0
4.710000000000001,1.81,1.0,26.0,5.0
1.8900000000000003,3.910000000000001,1.0,26.0,9.0
3.910000000000001,1.0700000000000005,1.0,26.0,10.0
3.3000000000000007,4.400000000000001,1.0,26.0,12.0
4.400000000000001,1.4500000000000002,1.0,26.0,13.0
6.550000000000001,0.7100000000000002,1.0,26.0,16.0
2.370000000000001,2.94,1.0,26.0,18.0
2.94,5.800000000000002,1.0,26.0,19.0
5.800000000000002,2.670000000000001,1.0,26.0,20.0
2.670000000000001,2.2500000000000004,1.0,26.0,21.0
2.2500000000000004,3.3100000000000005,1.0,26.0,22.0
3.3100000000000005,0.0,1.0,26.0,23.0
2.1100000000000003,0.8500000000000002,1.0,26.0,29.0
4.390000000000001,4.540000000000001,0.0,26.0,35.0
4.540000000000001,0.56,1.0,26.0,36.0
2.9400000000000004,2.7200000000000006,0.0,26.0,38.0
2.7200000000000006,2.8500000000000005,0.0,26.0,39.0
2.8500000000000005,5.650000000000001,1.0,26.0,40.0
5.650000000000001,7.380000000000002,1.0,26.0,41.0
7.380000000000002,2.8900000000000006,1.0,26.0,42.0
2.8900000000000006,2.1300000000000003,1.0,26.0,43.0
2.1300000000000003,7.9700000000000015,1.0,26.0,44.0
7.9700000000000015,4.650000000000001,1.0,26.0,45.0
4.650000000000001,5.570000000000001,1.0,26.0,46.0
5.570000000000001,6.280000000000001,1.0,26.0,47.0
6.280000000000001,0.0,1.0,26.0,48.0
1.9900000000000007,0.0,1.0,26.0,51.0
2.9000000000000004,5.400000000000001,1.0,26.0,53.0
5.400000000000001,6.080000000000001,1.0,26.0,54.0
6.080000000000001,5.4700000000000015,1.0,26.0,55.0
5.4700000000000015,6.760000000000002,1.0,26.0,56.0
6.760000000000002,8.38,1.0,26.0,57.0
8.38,2.8700000000000006,1.0,26.0,58.0
2.8700000000000006,0.7000000000000002,1.0,26.0,59.0
11.300000000000004,4.800000000000002,1.0,26.0,61.0
4.800000000000002,1.9800000000000004,1.0,26.0,62.0
1.9800000000000004,3.7000000000000006,1.0,26.0,63.0
3.7000000000000006,1.3600000000000003,1.0,26.0,64.0
4.980000000000001,0.0,1.0,26.0,66.0
3.0100000000000007,5.500000000000001,1.0,26.0,68.0
5.500000000000001,5.670000000000001,0.0,26.0,69.0
5.670000000000001,5.570000000000001,0.0,26.0,70.0
5.570000000000001,5.920000000000002,1.0,26.0,71.0
5.920000000000002,5.9700000000000015,0.0,26.0,72.0
5.9700000000000015,4.1000000000000005,1.0,26.0,73.0
4.1000000000000005,1.4800000000000002,1.0,26.0,74.0
3.120000000000001,0.5800000000000001,1.0,26.0,76.0
7.820000000000001,0.0,1.0,26.0,81.0
1.9400000000000004,8.200000000000001,1.0,26.0,83.0
8.200000000000001,0.0,1.0,26.0,84.0
2.5200000000000005,1.1800000000000002,1.0,26.0,87.0
3.0500000000000007,2.92,0.0,26.0,91.0
2.92,0.6600000000000001,1.0,26.0,92.0
3.4100000000000006,0.0,1.0,26.0,94.0
2.73,6.760000000000002,1.0,26.0,98.0
6.760000000000002,0.0,1.0,26.0,99.0
8.150000000000002,0.6200000000000001,1.0,26.0,102.0
2.2500000000000004,2.4000000000000004,0.0,26.0,104.0
2.4000000000000004,3.710000000000001,1.0,26.0,105.0
3.710000000000001,2.660000000000001,1.0,26.0,106.0
2.660000000000001,3.590000000000001,1.0,26.0,107.0
3.590000000000001,4.250000000000001,1.0,26.0,108.0
4.250000000000001,5.240000000000001,1.0,26.0,109.0
5.240000000000001,5.100000000000001,0.0,26.0,110.0
5.100000000000001,3.0600000000000005,1.0,26.0,111.0
3.0600000000000005,1.4700000000000002,1.0,26.0,112.0
1.6700000000000004,4.860000000000001,1.0,26.0,114.0
4.860000000000001,2.3400000000000007,1.0,26.0,115.0
2.3400000000000007,2.6000000000000005,1.0,26.0,116.0
2.6000000000000005,2.640000000000001,0.0,26.0,117.0
2.640000000000001,9.180000000000001,1.0,26.0,118.0
9.180000000000001,5.5200000000000005,1.0,26.0,119.0
5.5200000000000005,8.270000000000001,1.0,26.0,120.0
8.270000000000001,8.510000000000002,0.0,26.0,121.0
8.510000000000002,3.680000000000001,1.0,26.0,122.0
3.680000000000001,8.030000000000001,1.0,26.0,123.0
8.030000000000001,4.530000000000001,1.0,26.0,124.0
4.530000000000001,4.400000000000001,0.0,26.0,125.0
4.400000000000001,1.9500000000000004,1.0,26.0,126.0
1.9500000000000004,2.3600000000000003,1.0,26.0,127.0
2.3600000000000003,3.5300000000000002,1.0,26.0,128.0
3.5300000000000002,2.1100000000000003,1.0,26.0,129.0
2.1100000000000003,1.9300000000000004,0.0,26.0,130.0
1.9300000000000004,0.6300000000000001,1.0,26.0,131.0
1.5200000000000002,3.3100000000000005,1.0,26.0,134.0
3.3100000000000005,1.8400000000000003,1.0,26.0,135.0
1.8400000000000003,2.5600000000000005,1.0,26.0,136.0
2.5600000000000005,2.7600000000000007,0.0,26.0,137.0
2.7600000000000007,1.9500000000000004,1.0,26.0,138.0
1.9500000000000004,4.570000000000001,1.0,26.0,139.0
4.570000000000001,0.0,1.0,26.0,140.0
2.0900000000000003,0.0,1.0,26.0,144.0
2.28,1.0800000000000003,1.0,26.0,146.0
2.3900000000000006,2.0500000000000007,1.0,26.0,148.0
2.0500000000000007,2.0600000000000005,0.0,26.0,149.0
2.0600000000000005,0.0,1.0,26.0,150.0
2.1300000000000003,3.240000000000001,1.0,26.0,152.0
3.240000000000001,3.0,0.0,26.0,153.0
3.0,1.6900000000000004,1.0,26.0,154.0
1.6900000000000004,0.0,1.0,26.0,155.0
5.190000000000001,0.0,1.0,26.0,172.0
2.0500000000000003,2.03,0.0,26.0,175.0
2.03,0.0,1.0,26.0,176.0
1.8500000000000003,3.6600000000000006,1.0,26.0,178.0
3.6600000000000006,3.3200000000000003,1.0,26.0,179.0
3.3200000000000003,2.790000000000001,1.0,26.0,180.0
2.790000000000001,1.0900000000000003,1.0,26.0,181.0
2.6000000000000005,4.0200000000000005,1.0,26.0,183.0
4.0200000000000005,2.380000000000001,1.0,26.0,184.0
2.380000000000001,2.5800000000000005,0.0,26.0,185.0
2.5800000000000005,3.6700000000000004,1.0,26.0,186.0
3.6700000000000004,2.7400000000000007,1.0,26.0,187.0
2.7400000000000007,2.5400000000000005,0.0,26.0,188.0
2.5400000000000005,1.2900000000000003,1.0,26.0,189.0
2.8300000000000005,1.9800000000000004,1.0,26.0,191.0
1.9800000000000004,2.890000000000001,1.0,26.0,192.0
2.890000000000001,0.0,1.0,26.0,193.0
2.2700000000000005,0.0,1.0,26.0,200.0
2.7500000000000004,1.5000000000000002,1.0,27.0,0.0
1.5000000000000002,0.6200000000000001,1.0,27.0,1.0
5.690000000000001,0.6900000000000002,1.0,27.0,12.0
8.030000000000001,1.9500000000000004,1.0,27.0,14.0
1.9500000000000004,0.0,1.0,27.0,15.0
8.880000000000003,1.3800000000000003,1.0,27.0,17.0
2.4400000000000004,0.0,1.0,27.0,27.0
3.8400000000000007,0.0,1.0,27.0,29.0
3.200000000000001,0.0,1.0,27.0,43.0
4.540000000000001,7.790000000000002,1.0,27.0,46.0
7.790000000000002,0.0,1.0,27.0,47.0
6.820000000000002,13.140000000000002,1.0,27.0,49.0
13.140000000000002,0.0,1.0,27.0,50.0
5.8500000000000005,7.010000000000002,1.0,27.0,53.0
7.010000000000002,7.050000000000002,0.0,27.0,54.0
7.050000000000002,0.0,1.0,27.0,55.0
2.6500000000000004,14.590000000000003,1.0,27.0,58.0
14.590000000000003,9.670000000000002,1.0,27.0,59.0
9.670000000000002,0.0,1.0,27.0,60.0
6.740000000000001,2.3000000000000003,1.0,27.0,62.0
2.3000000000000003,10.540000000000004,1.0,27.0,63.0
10.540000000000004,13.150000000000004,1.0,27.0,64.0
13.150000000000004,0.5700000000000001,1.0,27.0,65.0
5.9700000000000015,6.920000000000002,1.0,27.0,68.0
6.920000000000002,2.370000000000001,1.0,27.0,69.0
2.370000000000001,4.110000000000001,1.0,27.0,70.0
4.110000000000001,5.400000000000001,1.0,27.0,71.0
5.400000000000001,5.710000000000001,1.0,27.0,72.0
5.710000000000001,5.500000000000001,0.0,27.0,73.0
5.500000000000001,5.100000000000001,1.0,27.0,74.0
5.100000000000001,2.08,1.0,27.0,75.0
2.08,0.0,1.0,27.0,76.0
2.0400000000000005,1.5500000000000005,1.0,27.0,78.0
3.410000000000001,1.7100000000000004,1.0,27.0,81.0
1.7100000000000004,0.0,1.0,27.0,82.0
1.6000000000000003,1.5200000000000002,0.0,27.0,90.0
1.5200000000000002,4.390000000000001,1.0,27.0,91.0
4.390000000000001,1.76,1.0,27.0,92.0
1.76,5.960000000000001,1.0,27.0,93.0
5.960000000000001,2.9300000000000006,1.0,27.0,94.0
2.9300000000000006,5.760000000000002,1.0,27.0,95.0
5.760000000000002,2.7500000000000004,1.0,27.0,96.0
2.7500000000000004,3.9200000000000004,1.0,27.0,97.0
3.9200000000000004,3.210000000000001,1.0,27.0,98.0
3.210000000000001,2.920000000000001,1.0,27.0,99.0
2.920000000000001,4.74,1.0,27.0,100.0
4.74,5.500000000000001,1.0,27.0,101.0
5.500000000000001,5.290000000000001,0.0,27.0,102.0
5.290000000000001,4.8500000000000005,1.0,27.0,103.0
4.8500000000000005,3.0100000000000002,1.0,27.0,104.0
3.0100000000000002,3.400000000000001,1.0,27.0,105.0
3.400000000000001,3.710000000000001,1.0,27.0,106.0
3.710000000000001,4.5600000000000005,1.0,27.0,107.0
4.5600000000000005,3.0100000000000007,1.0,27.0,108.0
3.0100000000000007,3.7800000000000007,1.0,27.0,109.0
3.7800000000000007,5.940000000000001,1.0,27.0,110.0
5.940000000000001,5.930000000000001,0.0,27.0,111.0
5.930000000000001,6.370000000000001,1.0,27.0,112.0
6.370000000000001,7.690000000000001,1.0,27.0,113.0
7.690000000000001,8.540000000000001,1.0,27.0,114.0
8.540000000000001,1.9500000000000004,1.0,27.0,115.0
1.9500000000000004,5.710000000000001,1.0,27.0,116.0
5.710000000000001,5.090000000000001,1.0,27.0,117.0
5.090000000000001,6.110000000000001,1.0,27.0,118.0
6.110000000000001,6.050000000000002,0.0,27.0,119.0
6.050000000000002,10.670000000000002,1.0,27.0,120.0
10.670000000000002,3.0600000000000005,1.0,27.0,121.0
3.0600000000000005,2.880000000000001,0.0,27.0,122.0
2.880000000000001,7.050000000000001,1.0,27.0,123.0
7.050000000000001,7.7600000000000025,1.0,27.0,124.0
7.7600000000000025,4.73,1.0,27.0,125.0
4.73,3.13,1.0,27.0,126.0
3.13,6.650000000000002,1.0,27.0,127.0
6.650000000000002,8.270000000000003,1.0,27.0,128.0
8.270000000000003,4.250000000000001,1.0,27.0,129.0
4.250000000000001,2.1800000000000006,1.0,27.0,130.0
2.1800000000000006,2.9800000000000004,1.0,27.0,131.0
2.9800000000000004,2.8400000000000003,0.0,27.0,132.0
2.8400000000000003,3.460000000000001,1.0,27.0,133.0
3.460000000000001,2.2600000000000007,1.0,27.0,134.0
2.2600000000000007,5.230000000000001,1.0,27.0,135.0
5.230000000000001,2.5200000000000005,1.0,27.0,136.0
2.5200000000000005,2.2900000000000005,0.0,27.0,137.0
2.2900000000000005,3.5600000000000005,1.0,27.0,138.0
3.5600000000000005,2.9400000000000004,1.0,27.0,139.0
2.9400000000000004,2.5700000000000003,1.0,27.0,140.0
2.5700000000000003,1.6500000000000004,1.0,27.0,141.0
1.6500000000000004,2.2700000000000005,1.0,27.0,142.0
2.2700000000000005,1.6400000000000003,1.0,27.0,143.0
1.6400000000000003,2.8200000000000007,1.0,27.0,144.0
2.8200000000000007,1.4200000000000004,1.0,27.0,145.0
1.4200000000000004,2.7600000000000007,1.0,27.0,146.0
2.7600000000000007,1.8600000000000003,1.0,27.0,147.0
1.8600000000000003,7.9700000000000015,1.0,27.0,148.0
7.9700000000000015,3.420000000000001,1.0,27.0,149.0
3.420000000000001,3.640000000000001,0.0,27.0,150.0
3.640000000000001,4.410000000000001,1.0,27.0,151.0
4.410000000000001,1.3000000000000005,1.0,27.0,152.0
4.180000000000001,6.590000000000002,1.0,27.0,154.0
6.590000000000002,0.0,1.0,27.0,155.0
3.690000000000001,3.6600000000000006,0.0,27.0,157.0
3.6600000000000006,3.5200000000000005,0.0,27.0,158.0
3.5200000000000005,0.0,1.0,27.0,159.0
4.510000000000001,0.0,1.0,27.0,161.0
4.450000000000001,0.0,1.0,27.0,163.0
4.610000000000001,0.0,1.0,27.0,165.0
3.5500000000000007,0.56,1.0,27.0,169.0
1.9800000000000004,0.0,1.0,27.0,172.0
5.760000000000002,5.6400000000000015,0.0,27.0,177.0
5.6400000000000015,2.2900000000000005,1.0,27.0,178.0
2.2900000000000005,4.440000000000001,1.0,27.0,179.0
4.440000000000001,2.4700000000000006,1.0,27.0,180.0
2.4700000000000006,3.4700000000000006,1.0,27.0,181.0
3.4700000000000006,4.010000000000001,1.0,27.0,182.0
4.010000000000001,5.000000000000001,1.0,27.0,183.0
5.000000000000001,2.9900000000000007,1.0,27.0,184.0
2.9900000000000007,4.670000000000001,1.0,27.0,185.0
4.670000000000001,6.240000000000001,1.0,27.0,186.0
6.240000000000001,0.0,1.0,27.0,187.0
7.330000000000002,3.7000000000000006,1.0,27.0,190.0
3.7000000000000006,2.8000000000000007,1.0,27.0,191.0
2.8000000000000007,2.9300000000000006,0.0,27.0,192.0
2.9300000000000006,0.9700000000000002,1.0,27.0,193.0
1.9600000000000004,1.0000000000000002,1.0,27.0,195.0
3.140000000000001,0.0,1.0,28.0,6.0
2.0400000000000005,0.0,1.0,28.0,11.0
1.5500000000000005,0.0,1.0,28.0,15.0
2.3200000000000003,0.0,1.0,28.0,17.0
3.750000000000001,0.0,1.0,28.0,22.0
1.8300000000000005,2.28,1.0,28.0,30.0
2.28,2.4000000000000004,0.0,28.0,31.0
2.4000000000000004,0.5700000000000001,1.0,28.0,32.0
2.9700000000000006,0.7600000000000001,1.0,28.0,35.0
2.640000000000001,2.8400000000000007,0.0,28.0,38.0
2.8400000000000007,0.0,1.0,28.0,39.0
1.7000000000000004,1.6500000000000006,0.0,28.0,43.0
3.190000000000001,0.6900000000000002,1.0,28.0,46.0
6.280000000000001,5.880000000000001,1.0,28.0,49.0
5.880000000000001,5.060000000000001,1.0,28.0,50.0
5.060000000000001,2.1200000000000006,1.0,28.0,51.0
2.1200000000000006,4.650000000000001,1.0,28.0,52.0
4.650000000000001,1.4800000000000002,1.0,28.0,53.0
2.3500000000000005,1.7500000000000004,1.0,28.0,55.0
2.8200000000000007,2.2300000000000004,1.0,28.0,57.0
2.2300000000000004,2.9900000000000007,1.0,28.0,58.0
2.9900000000000007,1.9000000000000004,1.0,28.0,59.0
1.9000000000000004,0.0,1.0,28.0,60.0
2.03,3.140000000000001,1.0,28.0,62.0
3.140000000000001,1.4600000000000002,1.0,28.0,63.0
1.5200000000000002,0.0,1.0,28.0,65.0
8.310000000000002,2.390000000000001,1.0,28.0,67.0
2.390000000000001,0.0,1.0,28.0,68.0
2.5700000000000003,2.62,0.0,28.0,75.0
2.62,3.770000000000001,1.0,28.0,76.0
3.770000000000001,2.5700000000000003,1.0,28.0,77.0
2.5700000000000003,0.0,1.0,28.0,78.0
3.5100000000000007,3.370000000000001,0.0,28.0,82.0
3.370000000000001,0.56,1.0,28.0,83.0
5.580000000000001,3.3400000000000007,1.0,28.0,85.0
3.3400000000000007,3.3200000000000007,0.0,28.0,86.0
3.3200000000000007,2.09,1.0,28.0,87.0
2.09,0.0,1.0,28.0,88.0
1.5300000000000002,1.6400000000000003,0.0,28.0,90.0
1.6400000000000003,3.370000000000001,1.0,28.0,91.0
3.370000000000001,0.0,1.0,28.0,92.0
2.1000000000000005,0.5800000000000001,1.0,28.0,94.0
7.850000000000001,4.610000000000001,1.0,28.0,96.0
4.610000000000001,3.370000000000001,1.0,28.0,97.0
3.370000000000001,1.5800000000000003,1.0,28.0,98.0
1.5800000000000003,6.830000000000001,1.0,28.0,99.0
6.830000000000001,0.4900000000000001,1.0,28.0,100.0
8.140000000000002,1.4400000000000004,1.0,28.0,103.0
1.4400000000000004,0.5700000000000001,1.0,28.0,104.0
1.77,3.310000000000001,1.0,28.0,106.0
3.310000000000001,4.690000000000001,1.0,28.0,107.0
4.690000000000001,4.340000000000001,1.0,28.0,108.0
4.340000000000001,4.990000000000001,1.0,28.0,109.0
4.990000000000001,1.4500000000000002,1.0,28.0,110.0
5.650000000000001,6.560000000000001,1.0,28.0,112.0
6.560000000000001,7.030000000000001,1.0,28.0,113.0
7.030000000000001,4.010000000000001,1.0,28.0,114.0
4.010000000000001,0.0,1.0,28.0,115.0
6.100000000000001,3.0700000000000003,1.0,28.0,117.0
3.0700000000000003,0.9700000000000002,1.0,28.0,118.0
3.2600000000000007,1.9200000000000004,1.0,28.0,120.0
1.9200000000000004,1.4500000000000002,1.0,28.0,121.0
5.380000000000001,3.630000000000001,1.0,28.0,123.0
3.630000000000001,4.820000000000001,1.0,28.0,124.0
4.820000000000001,4.220000000000001,1.0,28.0,125.0
4.220000000000001,4.95,1.0,28.0,126.0
4.95,5.160000000000001,0.0,28.0,127.0
5.160000000000001,4.890000000000001,1.0,28.0,128.0
4.890000000000001,5.1400000000000015,1.0,28.0,129.0
5.1400000000000015,6.410000000000002,1.0,28.0,130.0
6.410000000000002,2.0600000000000005,1.0,28.0,131.0
2.0600000000000005,7.480000000000001,1.0,28.0,132.0
7.480000000000001,5.730000000000001,1.0,28.0,133.0
5.730000000000001,5.820000000000002,0.0,28.0,134.0
5.820000000000002,2.1900000000000004,1.0,28.0,135.0
2.1900000000000004,3.460000000000001,1.0,28.0,136.0
3.460000000000001,4.280000000000001,1.0,28.0,137.0
4.280000000000001,2.9900000000000007,1.0,28.0,138.0
2.9900000000000007,4.260000000000001,1.0,28.0,139.0
4.260000000000001,2.5300000000000007,1.0,28.0,140.0
2.5300000000000007,6.510000000000002,1.0,28.0,141.0
6.510000000000002,4.790000000000001,1.0,28.0,142.0
4.790000000000001,4.240000000000001,1.0,28.0,143.0
4.240000000000001,6.980000000000002,1.0,28.0,144.0
6.980000000000002,4.8900000000000015,1.0,28.0,145.0
4.8900000000000015,4.73,0.0,28.0,146.0
4.73,4.180000000000001,1.0,28.0,147.0
4.180000000000001,5.450000000000001,1.0,28.0,148.0
5.450000000000001,6.120000000000001,1.0,28.0,149.0
6.120000000000001,4.750000000000001,1.0,28.0,150.0
4.750000000000001,4.580000000000001,0.0,28.0,151.0
4.580000000000001,4.030000000000001,1.0,28.0,152.0
4.030000000000001,5.040000000000001,1.0,28.0,153.0
5.040000000000001,5.410000000000001,1.0,28.0,154.0
5.410000000000001,2.03,1.0,28.0,155.0
2.03,5.640000000000001,1.0,28.0,156.0
5.640000000000001,3.8400000000000007,1.0,28.0,157.0
3.8400000000000007,7.560000000000001,1.0,28.0,158.0
7.560000000000001,3.2000000000000006,1.0,28.0,159.0
3.2000000000000006,1.4900000000000002,1.0,28.0,160.0
1.4900000000000002,1.4000000000000004,0.0,28.0,161.0
1.4000000000000004,2.4700000000000006,1.0,28.0,162.0
2.4700000000000006,4.740000000000001,1.0,28.0,163.0
4.740000000000001,3.5900000000000007,1.0,28.0,164.0
3.5900000000000007,7.9300000000000015,1.0,28.0,165.0
7.9300000000000015,1.2100000000000002,1.0,28.0,166.0
7.340000000000002,4.090000000000001,1.0,28.0,168.0
4.090000000000001,6.3900000000000015,1.0,28.0,169.0
6.3900000000000015,3.730000000000001,1.0,28.0,170.0
3.730000000000001,3.9700000000000006,0.0,28.0,171.0
3.9700000000000006,5.260000000000001,1.0,28.0,172.0
5.260000000000001,6.290000000000001,1.0,28.0,173.0
6.290000000000001,0.0,1.0,28.0,174.0
4.48,7.150000000000001,1.0,28.0,176.0
7.150000000000001,13.100000000000003,1.0,28.0,177.0
13.100000000000003,6.450000000000002,1.0,28.0,178.0
6.450000000000002,0.6600000000000001,1.0,28.0,179.0
6.320000000000001,4.900000000000001,1.0,28.0,182.0
4.900000000000001,3.4300000000000006,1.0,28.0,183.0
3.4300000000000006,5.180000000000001,1.0,28.0,184.0
5.180000000000001,2.8600000000000003,1.0,28.0,185.0
2.8600000000000003,2.9000000000000004,0.0,28.0,186.0
2.9000000000000004,2.0600000000000005,1.0,28.0,187.0
2.0600000000000005,5.860000000000001,1.0,28.0,188.0
5.860000000000001,4.830000000000001,1.0,28.0,189.0
4.830000000000001,2.4600000000000004,1.0,28.0,190.0
2.4600000000000004,4.030000000000001,1.0,28.0,191.0
4.030000000000001,1.3200000000000003,1.0,28.0,192.0
6.1400000000000015,3.2600000000000007,1.0,28.0,194.0
3.2600000000000007,4.440000000000001,1.0,28.0,195.0
4.440000000000001,4.130000000000001,1.0,28.0,196.0
4.130000000000001,0.0,1.0,28.0,197.0
3.120000000000001,0.0,1.0,28.0,199.0
2.6500000000000004,2.4800000000000004,0.0,30.0,0.0
2.4800000000000004,2.7600000000000007,1.0,30.0,1.0
2.7600000000000007,1.1000000000000003,1.0,30.0,2.0
2.6800000000000006,1.8200000000000005,1.0,30.0,10.0
2.3300000000000005,0.0,1.0,30.0,12.0
1.9900000000000007,0.0,1.0,30.0,15.0
2.7700000000000005,1.0700000000000005,1.0,30.0,18.0
2.400000000000001,3.8000000000000007,1.0,30.0,22.0
3.8000000000000007,2.960000000000001,1.0,30.0,23.0
2.960000000000001,3.1900000000000004,0.0,30.0,24.0
3.1900000000000004,2.6000000000000005,1.0,30.0,25.0
2.6000000000000005,3.790000000000001,1.0,30.0,26.0
3.790000000000001,2.5900000000000007,1.0,30.0,27.0
2.5900000000000007,3.9700000000000006,1.0,30.0,28.0
3.9700000000000006,3.890000000000001,0.0,30.0,29.0
3.890000000000001,2.130000000000001,1.0,30.0,30.0
2.130000000000001,3.890000000000001,1.0,30.0,31.0
3.890000000000001,1.9100000000000001,1.0,30.0,32.0
1.9100000000000001,2.9600000000000004,1.0,30.0,33.0
2.9600000000000004,2.0400000000000005,1.0,30.0,34.0
1.9200000000000004,2.7700000000000005,1.0,30.0,36.0
2.7700000000000005,1.6200000000000003,1.0,30.0,37.0
2.750000000000001,2.6400000000000006,0.0,30.0,39.0
2.6400000000000006,1.0300000000000002,1.0,30.0,40.0
2.6900000000000004,1.4800000000000002,1.0,30.0,45.0
1.4800000000000002,1.5100000000000002,0.0,30.0,46.0
3.5800000000000005,0.0,1.0,30.0,61.0
2.6800000000000006,0.0,1.0,30.0,66.0
1.7900000000000005,2.8600000000000008,1.0,30.0,70.0
2.8600000000000008,1.5900000000000003,1.0,30.0,71.0
1.5900000000000003,1.0600000000000005,1.0,30.0,72.0
2.0600000000000005,2.22,0.0,30.0,74.0
2.22,2.7300000000000004,1.0,30.0,75.0
2.7300000000000004,4.430000000000001,1.0,30.0,76.0
4.430000000000001,1.7800000000000002,1.0,30.0,77.0
1.7800000000000002,2.2400000000000007,1.0,30.0,78.0
2.2400000000000007,0.0,1.0,30.0,79.0
2.28,0.8100000000000002,1.0,30.0,82.0
4.040000000000001,1.0700000000000005,1.0,30.0,85.0
1.4200000000000004,0.0,1.0,30.0,88.0
4.800000000000001,8.430000000000001,1.0,32.0,0.0
8.430000000000001,11.820000000000002,1.0,32.0,1.0
11.820000000000002,12.820000000000002,1.0,32.0,2.0
12.820000000000002,10.280000000000003,1.0,32.0,3.0
10.280000000000003,12.480000000000002,1.0,32.0,4.0
12.480000000000002,14.550000000000002,1.0,32.0,5.0
14.550000000000002,11.130000000000004,1.0,32.0,6.0
11.130000000000004,7.190000000000001,1.0,32.0,7.0
7.190000000000001,12.070000000000002,1.0,32.0,8.0
12.070000000000002,13.850000000000003,1.0,32.0,9.0
13.850000000000003,11.660000000000002,1.0,32.0,10.0
11.660000000000002,4.910000000000001,1.0,32.0,11.0
4.910000000000001,14.490000000000002,1.0,32.0,12.0
14.490000000000002,9.18,1.0,32.0,13.0
9.18,5.820000000000001,1.0,32.0,14.0
5.820000000000001,13.380000000000003,1.0,32.0,15.0
13.380000000000003,2.2800000000000002,1.0,32.0,16.0
2.2800000000000002,10.130000000000004,1.0,32.0,17.0
10.130000000000004,13.790000000000004,1.0,32.0,18.0
13.790000000000004,10.960000000000003,1.0,32.0,19.0
10.960000000000003,13.290000000000004,1.0,32.0,20.0
13.290000000000004,13.440000000000005,0.0,32.0,21.0
13.440000000000005,9.460000000000004,1.0,32.0,22.0
9.460000000000004,23.250000000000004,1.0,32.0,23.0
23.250000000000004,18.610000000000003,1.0,32.0,24.0
18.610000000000003,13.070000000000002,1.0,32.0,25.0
13.070000000000002,4.230000000000001,1.0,32.0,26.0
4.230000000000001,12.28,1.0,32.0,27.0
12.28,8.240000000000002,1.0,32.0,28.0
8.240000000000002,7.030000000000001,1.0,32.0,29.0
7.030000000000001,10.600000000000001,1.0,32.0,30.0
10.600000000000001,9.690000000000001,1.0,32.0,31.0
9.690000000000001,13.060000000000002,1.0,32.0,32.0
13.060000000000002,11.360000000000005,1.0,32.0,33.0
11.360000000000005,8.510000000000002,1.0,32.0,34.0
8.510000000000002,13.000000000000002,1.0,32.0,35.0
13.000000000000002,16.520000000000003,1.0,32.0,36.0
16.520000000000003,13.730000000000002,1.0,32.0,37.0
13.730000000000002,9.870000000000001,1.0,32.0,38.0
9.870000000000001,11.930000000000003,1.0,32.0,39.0
11.930000000000003,15.120000000000006,1.0,32.0,40.0
15.120000000000006,12.690000000000003,1.0,32.0,41.0
12.690000000000003,10.990000000000002,1.0,32.0,42.0
10.990000000000002,14.850000000000003,1.0,32.0,43.0
14.850000000000003,14.970000000000004,0.0,32.0,44.0
14.970000000000004,7.550000000000001,1.0,32.0,45.0
7.550000000000001,9.600000000000001,1.0,32.0,46.0
9.600000000000001,19.480000000000008,1.0,32.0,47.0
19.480000000000008,5.250000000000001,1.0,32.0,48.0
5.250000000000001,6.080000000000001,1.0,32.0,49.0
6.080000000000001,16.6,1.0,32.0,50.0
16.6,22.420000000000005,1.0,32.0,51.0
22.420000000000005,11.260000000000002,1.0,32.0,52.0
11.260000000000002,8.610000000000001,1.0,32.0,53.0
8.610000000000001,7.080000000000001,1.0,32.0,54.0
7.080000000000001,18.730000000000004,1.0,32.0,55.0
18.730000000000004,16.03,1.0,32.0,56.0
16.03,8.070000000000002,1.0,32.0,57.0
8.070000000000002,3.290000000000001,1.0,32.0,58.0
3.290000000000001,10.82,1.0,32.0,59.0
10.82,3.460000000000001,1.0,32.0,60.0
3.460000000000001,2.620000000000001,1.0,32.0,61.0
2.620000000000001,9.44,1.0,32.0,62.0
9.44,3.6400000000000006,1.0,32.0,63.0
3.6400000000000006,1.9100000000000004,1.0,32.0,64.0
1.9100000000000004,8.160000000000002,1.0,32.0,65.0
8.160000000000002,9.490000000000002,1.0,32.0,66.0
9.490000000000002,5.000000000000002,1.0,32.0,67.0
5.000000000000002,2.4300000000000006,1.0,32.0,68.0
2.4300000000000006,6.830000000000002,1.0,32.0,69.0
6.830000000000002,5.820000000000001,1.0,32.0,70.0
5.820000000000001,6.110000000000001,1.0,32.0,71.0
6.110000000000001,5.250000000000002,1.0,32.0,72.0
5.250000000000002,6.360000000000001,1.0,32.0,73.0
6.360000000000001,5.600000000000001,1.0,32.0,74.0
5.600000000000001,5.280000000000001,1.0,32.0,75.0
5.280000000000001,5.050000000000001,0.0,32.0,76.0
5.050000000000001,8.720000000000002,1.0,32.0,77.0
8.720000000000002,10.840000000000002,1.0,32.0,78.0
10.840000000000002,15.470000000000002,1.0,32.0,79.0
15.470000000000002,7.930000000000001,1.0,32.0,80.0
7.930000000000001,8.680000000000001,1.0,32.0,81.0
8.680000000000001,4.040000000000001,1.0,32.0,82.0
4.040000000000001,14.010000000000003,1.0,32.0,83.0
14.010000000000003,4.000000000000001,1.0,32.0,84.0
4.000000000000001,14.040000000000003,1.0,32.0,85.0
14.040000000000003,6.450000000000002,1.0,32.0,86.0
6.450000000000002,0.7600000000000001,1.0,32.0,87.0
8.55,11.690000000000001,1.0,32.0,89.0
11.690000000000001,9.69,1.0,32.0,90.0
9.69,7.370000000000002,1.0,32.0,91.0
7.370000000000002,5.74,1.0,32.0,92.0
5.74,5.430000000000001,1.0,32.0,93.0
5.430000000000001,13.220000000000002,1.0,32.0,94.0
13.220000000000002,5.220000000000001,1.0,32.0,95.0
5.220000000000001,5.420000000000001,0.0,32.0,96.0
5.420000000000001,6.800000000000001,1.0,32.0,97.0
6.800000000000001,2.8700000000000006,1.0,32.0,98.0
2.8700000000000006,14.760000000000005,1.0,32.0,99.0
14.760000000000005,7.340000000000002,1.0,32.0,100.0
7.340000000000002,7.380000000000002,0.0,32.0,101.0
7.380000000000002,4.100000000000001,1.0,32.0,102.0
4.100000000000001,7.370000000000001,1.0,32.0,103.0
7.370000000000001,3.8200000000000007,1.0,32.0,104.0
3.8200000000000007,4.44,1.0,32.0,105.0
4.44,9.35,1.0,32.0,106.0
9.35,1.9400000000000004,1.0,32.0,107.0
1.9400000000000004,7.120000000000002,1.0,32.0,108.0
7.120000000000002,3.730000000000001,1.0,32.0,109.0
3.730000000000001,5.570000000000001,1.0,32.0,110.0
5.570000000000001,4.980000000000001,1.0,32.0,111.0
4.980000000000001,3.3500000000000005,1.0,32.0,112.0
3.3500000000000005,7.020000000000001,1.0,32.0,113.0
7.020000000000001,0.9200000000000002,1.0,32.0,114.0
2.8400000000000007,0.0,1.0,32.0,118.0
5.730000000000001,0.0,1.0,32.0,120.0
2.120000000000001,1.15,1.0,32.0,132.0
2.2700000000000005,4.840000000000001,1.0,32.0,134.0
4.840000000000001,1.3900000000000001,1.0,32.0,135.0
2.720000000000001,0.6600000000000001,1.0,32.0,137.0
2.3300000000000005,0.0,1.0,32.0,139.0
3.7800000000000007,1.8400000000000003,1.0,32.0,145.0
1.8400000000000003,0.0,1.0,32.0,146.0
2.7400000000000007,0.0,1.0,32.0,150.0
3.870000000000001,0.0,1.0,32.0,153.0
8.620000000000001,2.7000000000000006,1.0,32.0,162.0
2.7000000000000006,0.0,1.0,32.0,163.0
1.7200000000000006,3.170000000000001,1.0,32.0,176.0
3.170000000000001,0.0,1.0,32.0,177.0
4.340000000000001,3.24,1.0,32.0,179.0
3.24,6.350000000000001,1.0,32.0,180.0
6.350000000000001,9.340000000000002,1.0,32.0,181.0
9.340000000000002,2.0400000000000005,1.0,32.0,182.0
2.0400000000000005,1.2800000000000002,1.0,32.0,183.0
4.180000000000001,0.7000000000000002,1.0,32.0,185.0
3.0900000000000003,0.0,1.0,32.0,187.0
10.090000000000002,0.0,1.0,32.0,189.0
4.630000000000001,7.6800000000000015,1.0,32.0,192.0
7.6800000000000015,6.790000000000001,1.0,32.0,193.0
6.790000000000001,6.370000000000001,1.0,32.0,194.0
6.370000000000001,10.460000000000003,1.0,32.0,195.0
10.460000000000003,7.600000000000001,1.0,32.0,196.0
7.600000000000001,5.7200000000000015,1.0,32.0,197.0
5.7200000000000015,7.770000000000001,1.0,32.0,198.0
7.770000000000001,8.360000000000001,1.0,32.0,199.0
8.360000000000001,0.0,1.0,32.0,200.0
2.4200000000000004,0.0,1.0,33.0,3.0
2.5200000000000005,0.0,1.0,33.0,8.0
1.3900000000000003,0.0,1.0,33.0,96.0
2.700000000000001,1.2700000000000002,1.0,33.0,101.0
3.880000000000001,1.2700000000000002,1.0,33.0,103.0
4.440000000000001,3.770000000000001,1.0,33.0,105.0
3.770000000000001,0.0,1.0,33.0,106.0
2.880000000000001,1.3600000000000003,1.0,33.0,108.0
1.3600000000000003,0.0,1.0,33.0,109.0
1.5600000000000005,5.470000000000001,1.0,33.0,112.0
5.470000000000001,0.0,1.0,33.0,113.0
4.8100000000000005,5.100000000000001,1.0,33.0,115.0
5.100000000000001,3.1400000000000006,1.0,33.0,116.0
3.1400000000000006,2.3500000000000005,1.0,33.0,117.0
2.3500000000000005,0.0,1.0,33.0,118.0
5.950000000000001,5.760000000000002,0.0,33.0,125.0
5.760000000000002,6.170000000000001,1.0,33.0,126.0
6.170000000000001,7.110000000000001,1.0,33.0,127.0
7.110000000000001,6.110000000000001,1.0,33.0,128.0
6.110000000000001,8.46,1.0,33.0,129.0
8.46,1.8800000000000006,1.0,33.0,130.0
1.8800000000000006,11.670000000000002,1.0,33.0,131.0
11.670000000000002,12.480000000000004,1.0,33.0,132.0
12.480000000000004,5.49,1.0,33.0,133.0
5.49,3.870000000000001,1.0,33.0,134.0
3.870000000000001,5.710000000000001,1.0,33.0,135.0
5.710000000000001,5.98,1.0,33.0,136.0
5.98,8.180000000000001,1.0,33.0,137.0
8.180000000000001,6.950000000000001,1.0,33.0,138.0
6.950000000000001,5.07,1.0,33.0,139.0
5.07,8.850000000000001,1.0,33.0,140.0
8.850000000000001,5.170000000000001,1.0,33.0,141.0
5.170000000000001,8.510000000000002,1.0,33.0,142.0
8.510000000000002,9.050000000000002,1.0,33.0,143.0
9.050000000000002,3.500000000000001,1.0,33.0,144.0
3.500000000000001,2.250000000000001,1.0,33.0,145.0
2.250000000000001,3.750000000000001,1.0,33.0,146.0
3.750000000000001,4.65,1.0,33.0,147.0
4.65,4.080000000000001,1.0,33.0,148.0
4.080000000000001,2.750000000000001,1.0,33.0,149.0
2.750000000000001,5.090000000000001,1.0,33.0,150.0
5.090000000000001,5.0600000000000005,0.0,33.0,151.0
5.0600000000000005,2.7500000000000004,1.0,33.0,152.0
2.7500000000000004,4.710000000000001,1.0,33.0,153.0
4.710000000000001,5.880000000000001,1.0,33.0,154.0
5.880000000000001,3.940000000000001,1.0,33.0,155.0
3.940000000000001,7.320000000000001,1.0,33.0,156.0
7.320000000000001,6.440000000000001,1.0,33.0,157.0
6.440000000000001,12.820000000000004,1.0,33.0,158.0
12.820000000000004,8.340000000000002,1.0,33.0,159.0
8.340000000000002,5.900000000000002,1.0,33.0,160.0
5.900000000000002,4.410000000000001,1.0,33.0,161.0
4.410000000000001,5.1400000000000015,1.0,33.0,162.0
5.1400000000000015,6.270000000000001,1.0,33.0,163.0
6.270000000000001,6.550000000000001,1.0,33.0,164.0
6.550000000000001,5.73,1.0,33.0,165.0
5.73,6.6800000000000015,1.0,33.0,166.0
6.6800000000000015,12.700000000000005,1.0,33.0,167.0
12.700000000000005,9.61,1.0,33.0,168.0
9.61,5.780000000000001,1.0,33.0,169.0
5.780000000000001,7.500000000000002,1.0,33.0,170.0
7.500000000000002,2.4800000000000004,1.0,33.0,171.0
2.4800000000000004,8.430000000000001,1.0,33.0,172.0
8.430000000000001,0.0,1.0,33.0,173.0
5.780000000000001,0.6200000000000001,1.0,33.0,175.0
5.830000000000001,0.0,1.0,33.0,179.0
2.24,3.390000000000001,1.0,33.0,181.0
3.390000000000001,4.560000000000001,1.0,33.0,182.0
4.560000000000001,5.790000000000001,1.0,33.0,183.0
5.790000000000001,5.080000000000001,1.0,33.0,184.0
5.080000000000001,4.750000000000002,1.0,33.0,185.0
4.750000000000002,5.340000000000002,1.0,33.0,186.0
5.340000000000002,7.530000000000001,1.0,33.0,187.0
7.530000000000001,0.7400000000000001,1.0,33.0,188.0
7.440000000000001,6.6400000000000015,1.0,33.0,190.0
6.6400000000000015,4.070000000000001,1.0,33.0,191.0
4.070000000000001,0.7200000000000002,1.0,33.0,192.0
2.4000000000000004,5.190000000000001,1.0,33.0,194.0
5.190000000000001,6.830000000000001,1.0,33.0,195.0
6.830000000000001,3.4700000000000006,1.0,33.0,196.0
3.4700000000000006,7.310000000000001,1.0,33.0,197.0
7.310000000000001,4.410000000000001,1.0,33.0,198.0
4.410000000000001,1.3100000000000003,1.0,33.0,199.0
2.130000000000001,3.5600000000000014,1.0,35.0,1.0
3.5600000000000014,0.7800000000000001,1.0,35.0,2.0
2.380000000000001,2.7200000000000006,1.0,35.0,4.0
2.7200000000000006,2.8400000000000007,0.0,35.0,5.0
2.8400000000000007,9.710000000000004,1.0,35.0,6.0
9.710000000000004,2.5100000000000007,1.0,35.0,7.0
2.5100000000000007,6.440000000000001,1.0,35.0,8.0
6.440000000000001,0.6300000000000001,1.0,35.0,9.0
5.420000000000001,4.2700000000000005,1.0,35.0,11.0
4.2700000000000005,0.0,1.0,35.0,12.0
3.3300000000000005,0.0,1.0,35.0,17.0
2.0000000000000004,0.0,1.0,35.0,23.0
2.7500000000000004,4.330000000000001,1.0,35.0,28.0
4.330000000000001,7.810000000000001,1.0,35.0,29.0
7.810000000000001,4.250000000000001,1.0,35.0,30.0
4.250000000000001,7.250000000000002,1.0,35.0,31.0
7.250000000000002,0.0,1.0,35.0,32.0
2.3500000000000005,0.0,1.0,35.0,34.0
3.3900000000000006,5.180000000000001,1.0,35.0,36.0
5.180000000000001,1.83,1.0,35.0,37.0
1.83,3.2200000000000006,1.0,35.0,38.0
3.2200000000000006,1.5600000000000005,1.0,35.0,39.0
4.120000000000001,0.0,1.0,35.0,49.0
1.8900000000000003,0.0,1.0,35.0,56.0
2.1900000000000004,0.7400000000000001,1.0,35.0,63.0
1.9700000000000004,0.7100000000000002,1.0,38.0,1.0
2.16,0.7300000000000001,1.0,38.0,4.0
2.7000000000000006,2.0000000000000004,1.0,38.0,6.0
2.8500000000000005,2.670000000000001,0.0,38.0,8.0
2.670000000000001,2.7400000000000007,0.0,38.0,9.0
2.7400000000000007,3.980000000000001,1.0,38.0,10.0
3.980000000000001,3.5700000000000007,1.0,38.0,11.0
3.5700000000000007,0.9000000000000001,1.0,38.0,12.0
3.790000000000001,3.9000000000000004,0.0,38.0,14.0
3.9000000000000004,5.540000000000001,1.0,38.0,15.0
5.540000000000001,2.7200000000000006,1.0,38.0,16.0
2.7200000000000006,3.380000000000001,1.0,38.0,17.0
3.380000000000001,3.320000000000001,0.0,38.0,18.0
3.320000000000001,4.930000000000001,1.0,38.0,19.0
4.930000000000001,4.32,1.0,38.0,20.0
4.32,3.8000000000000007,1.0,38.0,21.0
3.8000000000000007,3.460000000000001,1.0,38.0,22.0
3.460000000000001,3.380000000000001,0.0,38.0,23.0
3.380000000000001,0.6200000000000001,1.0,38.0,24.0
4.040000000000001,3.460000000000001,1.0,38.0,26.0
3.460000000000001,2.1900000000000004,1.0,38.0,27.0
2.1900000000000004,4.720000000000001,1.0,38.0,28.0
4.720000000000001,2.2100000000000004,1.0,38.0,29.0
2.2100000000000004,2.6600000000000006,1.0,38.0,30.0
2.6600000000000006,0.7700000000000001,1.0,38.0,31.0
2.7500000000000004,1.0800000000000003,1.0,38.0,36.0
3.400000000000001,0.0,1.0,38.0,40.0
2.3400000000000007,0.0,1.0,38.0,43.0
2.8300000000000005,0.0,1.0,38.0,72.0
2.8000000000000007,0.6400000000000001,1.0,38.0,74.0
1.7500000000000004,1.0800000000000003,1.0,38.0,76.0
2.2300000000000004,2.24,0.0,38.0,79.0
2.24,1.0000000000000002,1.0,38.0,80.0
3.2300000000000004,2.1900000000000004,1.0,38.0,82.0
2.1900000000000004,2.3100000000000005,0.0,38.0,83.0
2.3100000000000005,2.7400000000000007,1.0,38.0,84.0
2.7400000000000007,3.3300000000000005,1.0,38.0,85.0
3.3300000000000005,2.1400000000000006,1.0,38.0,86.0
2.1400000000000006,3.24,1.0,38.0,87.0
3.24,3.0600000000000005,0.0,38.0,88.0
3.0600000000000005,3.4500000000000006,1.0,38.0,89.0
3.4500000000000006,4.16,1.0,38.0,90.0
4.16,3.7100000000000004,1.0,38.0,91.0
3.7100000000000004,3.8000000000000007,0.0,38.0,92.0
3.8000000000000007,3.700000000000001,0.0,38.0,93.0
3.700000000000001,4.57,1.0,38.0,94.0
4.57,3.9400000000000004,1.0,38.0,95.0
3.9400000000000004,4.980000000000001,1.0,38.0,96.0
4.980000000000001,2.6600000000000006,1.0,38.0,97.0
2.6600000000000006,5.220000000000001,1.0,38.0,98.0
5.220000000000001,1.3200000000000005,1.0,38.0,99.0
4.640000000000001,4.320000000000001,1.0,38.0,101.0
4.320000000000001,3.040000000000001,1.0,38.0,102.0
3.040000000000001,4.400000000000001,1.0,38.0,103.0
4.400000000000001,1.8800000000000003,1.0,38.0,104.0
1.8800000000000003,1.5500000000000005,1.0,38.0,105.0
1.5500000000000005,0.6500000000000001,1.0,38.0,106.0
1.2500000000000002,2.1900000000000004,1.0,38.0,108.0
2.1900000000000004,4.530000000000001,1.0,38.0,109.0
4.530000000000001,4.650000000000001,0.0,38.0,110.0
4.650000000000001,4.960000000000001,1.0,38.0,111.0
4.960000000000001,5.790000000000001,1.0,38.0,112.0
5.790000000000001,6.210000000000001,1.0,38.0,113.0
6.210000000000001,4.860000000000001,1.0,38.0,114.0
4.860000000000001,5.9300000000000015,1.0,38.0,115.0
5.9300000000000015,3.1600000000000006,1.0,38.0,116.0
3.1600000000000006,2.4000000000000004,1.0,38.0,117.0
2.4000000000000004,2.5300000000000007,0.0,38.0,118.0
2.5300000000000007,3.500000000000001,1.0,38.0,119.0
3.500000000000001,2.7600000000000007,1.0,38.0,120.0
2.7600000000000007,2.5500000000000007,0.0,38.0,121.0
2.5500000000000007,4.650000000000001,1.0,38.0,122.0
4.650000000000001,2.8900000000000006,1.0,38.0,123.0
2.8900000000000006,3.710000000000001,1.0,38.0,124.0
3.710000000000001,3.9300000000000006,0.0,38.0,125.0
3.9300000000000006,4.330000000000001,1.0,38.0,126.0
4.330000000000001,2.620000000000001,1.0,38.0,127.0
2.620000000000001,2.7900000000000005,0.0,38.0,128.0
2.7900000000000005,2.1500000000000004,1.0,38.0,129.0
2.1500000000000004,2.670000000000001,1.0,38.0,130.0
2.670000000000001,2.830000000000001,0.0,38.0,131.0
2.830000000000001,2.6500000000000004,0.0,38.0,132.0
2.6500000000000004,1.7200000000000004,1.0,38.0,133.0
1.7200000000000004,2.640000000000001,1.0,38.0,134.0
2.640000000000001,2.4400000000000004,0.0,38.0,135.0
2.4400000000000004,2.630000000000001,0.0,38.0,136.0
2.630000000000001,1.7500000000000004,1.0,38.0,137.0
1.7500000000000004,2.71,1.0,38.0,138.0
2.71,0.5700000000000001,1.0,38.0,139.0
1.9400000000000004,3.5400000000000005,1.0,38.0,141.0
3.5400000000000005,1.9600000000000004,1.0,38.0,142.0
1.9600000000000004,3.4700000000000006,1.0,38.0,143.0
3.4700000000000006,2.8300000000000005,1.0,38.0,144.0
2.8300000000000005,3.6800000000000006,1.0,38.0,145.0
3.6800000000000006,3.5600000000000005,0.0,38.0,146.0
3.5600000000000005,0.0,1.0,38.0,147.0
1.7600000000000005,0.7400000000000001,1.0,38.0,149.0
2.0800000000000005,0.5500000000000002,1.0,38.0,151.0
1.8500000000000003,2.5900000000000007,1.0,38.0,154.0
2.5900000000000007,2.6600000000000006,0.0,38.0,155.0
2.6600000000000006,2.24,1.0,38.0,156.0
2.24,2.7300000000000004,1.0,38.0,157.0
2.7300000000000004,3.4099999999999997,1.0,38.0,158.0
3.4099999999999997,3.4500000000000006,0.0,38.0,159.0
3.4500000000000006,3.3400000000000007,0.0,38.0,160.0
3.3400000000000007,2.560000000000001,1.0,38.0,161.0
2.560000000000001,3.810000000000001,1.0,38.0,162.0
3.810000000000001,4.0600000000000005,0.0,38.0,163.0
4.0600000000000005,2.8300000000000005,1.0,38.0,164.0
2.8300000000000005,3.170000000000001,1.0,38.0,165.0
3.170000000000001,2.49,1.0,38.0,166.0
2.49,0.0,1.0,38.0,167.0
2.5700000000000003,2.3800000000000003,0.0,42.0,1.0
2.3800000000000003,2.7400000000000007,1.0,42.0,2.0
2.7400000000000007,2.0000000000000004,1.0,42.0,3.0
2.0000000000000004,3.0600000000000005,1.0,42.0,4.0
3.0600000000000005,2.910000000000001,0.0,42.0,5.0
2.910000000000001,2.5100000000000007,1.0,42.0,6.0
2.5100000000000007,1.6900000000000004,1.0,42.0,7.0
1.6900000000000004,1.7700000000000005,0.0,42.0,8.0
1.7700000000000005,2.5500000000000007,1.0,42.0,9.0
2.5500000000000007,0.7300000000000001,1.0,42.0,10.0
2.0200000000000005,0.6900000000000002,1.0,42.0,13.0
1.7300000000000004,1.3600000000000003,1.0,43.0,1.0
2.8100000000000005,0.6400000000000001,1.0,43.0,8.0
2.3000000000000003,0.0,1.0,43.0,10.0
3.750000000000001,3.810000000000001,0.0,44.0,2.0
3.810000000000001,3.5200000000000005,1.0,44.0,3.0
3.5200000000000005,2.2000000000000006,1.0,44.0,4.0
2.2000000000000006,3.980000000000001,1.0,44.0,5.0
3.980000000000001,4.960000000000001,1.0,44.0,6.0
4.960000000000001,1.13,1.0,44.0,7.0
2.0800000000000005,1.5900000000000003,1.0,44.0,9.0
2.8000000000000007,2.5200000000000005,1.0,44.0,12.0
2.5200000000000005,1.9900000000000004,1.0,44.0,13.0
1.9900000000000004,2.0300000000000002,0.0,44.0,14.0
2.0300000000000002,1.0400000000000005,1.0,44.0,15.0
2.12,1.4400000000000004,1.0,44.0,17.0
6.240000000000001,1.7200000000000006,1.0,44.0,19.0
2.1800000000000006,2.640000000000001,1.0,44.0,21.0
2.640000000000001,2.0900000000000007,1.0,44.0,22.0
2.0900000000000007,1.8100000000000003,1.0,44.0,23.0
2.210000000000001,1.8000000000000005,1.0,44.0,25.0
2.5200000000000005,1.9200000000000004,1.0,44.0,27.0
1.9200000000000004,2.440000000000001,1.0,44.0,28.0
2.440000000000001,1.5600000000000005,1.0,44.0,29.0
1.5600000000000005,1.0800000000000003,1.0,44.0,30.0
1.9500000000000004,1.0500000000000005,1.0,44.0,33.0
4.170000000000001,0.5000000000000001,1.0,46.0,18.0
3.2200000000000006,1.8900000000000003,1.0,46.0,22.0
1.8900000000000003,4.930000000000001,1.0,46.0,23.0
4.930000000000001,2.5600000000000005,1.0,46.0,24.0
2.5600000000000005,0.9200000000000002,1.0,46.0,25.0
3.420000000000001,1.5400000000000005,1.0,46.0,27.0
2.2500000000000004,0.0,1.0,46.0,33.0
2.4800000000000004,2.3400000000000007,0.0,47.0,1.0
2.3400000000000007,2.5600000000000005,0.0,47.0,2.0
2.5600000000000005,2.6700000000000004,0.0,47.0,3.0
2.6700000000000004,3.2800000000000007,1.0,47.0,4.0
3.2800000000000007,2.8600000000000003,1.0,47.0,5.0
2.8600000000000003,1.0700000000000005,1.0,47.0,6.0
2.6300000000000003,3.140000000000001,1.0,47.0,8.0
3.140000000000001,2.190000000000001,1.0,47.0,9.0
2.190000000000001,5.920000000000001,1.0,47.0,10.0
5.920000000000001,4.320000000000001,1.0,47.0,11.0
4.320000000000001,3.0400000000000005,1.0,47.0,12.0
3.0400000000000005,5.810000000000001,1.0,47.0,13.0
5.810000000000001,5.160000000000001,1.0,47.0,14.0
5.160000000000001,6.4300000000000015,1.0,47.0,15.0
6.4300000000000015,4.730000000000001,1.0,47.0,16.0
4.730000000000001,1.5700000000000003,1.0,47.0,17.0
5.690000000000001,5.100000000000001,1.0,47.0,20.0
5.100000000000001,3.200000000000001,1.0,47.0,21.0
3.200000000000001,5.170000000000002,1.0,47.0,22.0
5.170000000000002,0.0,1.0,47.0,23.0
6.160000000000001,2.58,1.0,47.0,26.0
2.58,4.140000000000001,1.0,47.0,27.0
4.140000000000001,5.790000000000002,1.0,47.0,28.0
5.790000000000002,5.650000000000001,0.0,47.0,29.0
5.650000000000001,5.520000000000001,0.0,47.0,30.0
5.520000000000001,4.3100000000000005,1.0,47.0,31.0
4.3100000000000005,3.1200000000000006,1.0,47.0,32.0
3.1200000000000006,5.160000000000001,1.0,47.0,33.0
5.160000000000001,4.320000000000001,1.0,47.0,34.0
4.320000000000001,2.4300000000000006,1.0,47.0,35.0
2.4300000000000006,4.1000000000000005,1.0,47.0,36.0
4.1000000000000005,4.370000000000001,1.0,47.0,37.0
4.370000000000001,4.790000000000001,1.0,47.0,38.0
4.790000000000001,3.3400000000000007,1.0,47.0,39.0
3.3400000000000007,1.5100000000000002,1.0,47.0,40.0
4.410000000000001,4.950000000000001,1.0,47.0,42.0
4.950000000000001,5.190000000000001,0.0,47.0,43.0
5.190000000000001,5.330000000000001,0.0,47.0,44.0
5.330000000000001,5.620000000000001,1.0,47.0,45.0
5.620000000000001,5.380000000000001,0.0,47.0,46.0
5.380000000000001,4.860000000000001,1.0,47.0,47.0
4.860000000000001,5.630000000000001,1.0,47.0,48.0
5.630000000000001,4.300000000000001,1.0,47.0,49.0
4.300000000000001,3.7300000000000004,1.0,47.0,50.0
3.7300000000000004,3.7800000000000002,0.0,47.0,51.0
3.7800000000000002,2.6400000000000006,1.0,47.0,52.0
2.6400000000000006,5.610000000000001,1.0,47.0,53.0
5.610000000000001,5.540000000000001,0.0,47.0,54.0
5.540000000000001,3.2199999999999998,1.0,47.0,55.0
3.2199999999999998,2.0500000000000003,1.0,47.0,56.0
2.0500000000000003,4.600000000000001,1.0,47.0,57.0
4.600000000000001,5.110000000000001,1.0,47.0,58.0
5.110000000000001,4.540000000000001,1.0,47.0,59.0
4.540000000000001,6.310000000000001,1.0,47.0,60.0
6.310000000000001,5.74,1.0,47.0,61.0
5.74,4.780000000000001,1.0,47.0,62.0
4.780000000000001,4.160000000000001,1.0,47.0,63.0
4.160000000000001,6.8900000000000015,1.0,47.0,64.0
6.8900000000000015,7.120000000000001,0.0,47.0,65.0
7.120000000000001,5.6400000000000015,1.0,47.0,66.0
5.6400000000000015,6.380000000000002,1.0,47.0,67.0
6.380000000000002,4.860000000000001,1.0,47.0,68.0
4.860000000000001,4.880000000000001,0.0,47.0,69.0
4.880000000000001,7.070000000000001,1.0,47.0,70.0
7.070000000000001,7.090000000000002,0.0,47.0,71.0
7.090000000000002,5.1800000000000015,1.0,47.0,72.0
5.1800000000000015,5.520000000000001,1.0,47.0,73.0
5.520000000000001,6.410000000000002,1.0,47.0,74.0
6.410000000000002,11.390000000000002,1.0,47.0,75.0
11.390000000000002,10.95,1.0,47.0,76.0
10.95,4.840000000000001,1.0,47.0,77.0
4.840000000000001,7.040000000000001,1.0,47.0,78.0
7.040000000000001,6.9700000000000015,0.0,47.0,79.0
6.9700000000000015,5.980000000000001,1.0,47.0,80.0
5.980000000000001,5.290000000000001,1.0,47.0,81.0
5.290000000000001,6.610000000000001,1.0,47.0,82.0
6.610000000000001,11.130000000000003,1.0,47.0,83.0
11.130000000000003,6.450000000000001,1.0,47.0,84.0
6.450000000000001,5.430000000000001,1.0,47.0,85.0
5.430000000000001,3.9300000000000006,1.0,47.0,86.0
3.9300000000000006,4.650000000000001,1.0,47.0,87.0
4.650000000000001,6.420000000000002,1.0,47.0,88.0
6.420000000000002,4.94,1.0,47.0,89.0
4.94,5.910000000000002,1.0,47.0,90.0
5.910000000000002,7.460000000000002,1.0,47.0,91.0
7.460000000000002,2.4300000000000006,1.0,47.0,92.0
2.4300000000000006,1.7700000000000005,1.0,47.0,93.0
1.7700000000000005,3.1500000000000004,1.0,47.0,94.0
3.1500000000000004,2.1700000000000004,1.0,47.0,95.0
2.1700000000000004,4.010000000000001,1.0,47.0,96.0
4.010000000000001,5.670000000000001,1.0,47.0,97.0
5.670000000000001,4.020000000000001,1.0,47.0,98.0
4.020000000000001,3.450000000000001,1.0,47.0,99.0
3.450000000000001,4.510000000000002,1.0,47.0,100.0
4.510000000000002,3.4300000000000006,1.0,47.0,101.0
3.4300000000000006,5.480000000000001,1.0,47.0,102.0
5.480000000000001,5.670000000000002,0.0,47.0,103.0
5.670000000000002,4.470000000000001,1.0,47.0,104.0
4.470000000000001,3.670000000000001,1.0,47.0,105.0
3.670000000000001,3.8400000000000007,0.0,47.0,106.0
3.8400000000000007,5.320000000000002,1.0,47.0,107.0
5.320000000000002,3.8600000000000003,1.0,47.0,108.0
3.8600000000000003,3.0600000000000005,1.0,47.0,109.0
3.0600000000000005,4.110000000000001,1.0,47.0,110.0
4.110000000000001,2.2800000000000002,1.0,47.0,111.0
2.2800000000000002,2.7800000000000002,1.0,47.0,112.0
2.7800000000000002,2.6300000000000003,0.0,47.0,113.0
2.6300000000000003,1.8700000000000003,1.0,47.0,114.0
1.8700000000000003,3.0500000000000007,1.0,47.0,115.0
3.0500000000000007,3.200000000000001,0.0,47.0,116.0
3.200000000000001,3.7200000000000006,1.0,47.0,117.0
3.7200000000000006,3.6000000000000005,0.0,47.0,118.0
3.6000000000000005,3.8000000000000007,0.0,47.0,119.0
3.8000000000000007,3.290000000000001,1.0,47.0,120.0
3.290000000000001,4.110000000000001,1.0,47.0,121.0
4.110000000000001,2.7000000000000006,1.0,47.0,122.0
2.7000000000000006,2.3600000000000003,1.0,47.0,123.0
2.3600000000000003,1.81,1.0,47.0,124.0
1.81,2.8100000000000005,1.0,47.0,125.0
2.8100000000000005,0.0,1.0,47.0,126.0
2.3600000000000003,6.4700000000000015,1.0,47.0,128.0
6.4700000000000015,3.6700000000000004,1.0,47.0,129.0
3.6700000000000004,5.110000000000001,1.0,47.0,130.0
5.110000000000001,3.2400000000000007,1.0,47.0,131.0
3.2400000000000007,1.8900000000000001,1.0,47.0,132.0
1.8900000000000001,3.380000000000001,1.0,47.0,133.0
3.380000000000001,3.4700000000000006,0.0,47.0,134.0
3.4700000000000006,2.9600000000000004,1.0,47.0,135.0
2.9600000000000004,3.240000000000001,1.0,47.0,136.0
3.240000000000001,2.2700000000000005,1.0,47.0,137.0
2.2700000000000005,2.0500000000000003,0.0,47.0,138.0
2.0500000000000003,2.03,0.0,47.0,139.0
2.03,0.7400000000000001,1.0,47.0,140.0
1.4400000000000004,1.5500000000000005,0.0,47.0,143.0
1.5500000000000005,1.5600000000000005,0.0,47.0,144.0
1.5600000000000005,1.0900000000000003,1.0,47.0,145.0
2.5300000000000007,2.5400000000000005,0.0,47.0,147.0
2.5400000000000005,1.8000000000000005,1.0,47.0,148.0
1.8000000000000005,0.0,1.0,47.0,149.0
1.6100000000000003,1.2400000000000002,1.0,48.0,0.0
5.230000000000001,0.0,1.0,48.0,3.0
9.300000000000002,4.010000000000001,1.0,48.0,7.0
4.010000000000001,7.550000000000002,1.0,48.0,8.0
7.550000000000002,3.2300000000000013,1.0,48.0,9.0
3.2300000000000013,7.920000000000002,1.0,48.0,10.0
7.920000000000002,1.5600000000000005,1.0,48.0,11.0
10.370000000000003,5.180000000000001,1.0,48.0,13.0
5.180000000000001,2.9200000000000004,1.0,48.0,14.0
2.9200000000000004,10.050000000000002,1.0,48.0,15.0
10.050000000000002,9.640000000000002,1.0,48.0,16.0
9.640000000000002,7.590000000000002,1.0,48.0,17.0
7.590000000000002,2.640000000000001,1.0,48.0,18.0
2.640000000000001,6.4300000000000015,1.0,48.0,19.0
6.4300000000000015,7.750000000000002,1.0,48.0,20.0
7.750000000000002,1.8700000000000003,1.0,48.0,21.0
1.8700000000000003,1.9100000000000006,0.0,48.0,22.0
1.9100000000000006,7.090000000000002,1.0,48.0,23.0
7.090000000000002,2.7700000000000005,1.0,48.0,24.0
2.7700000000000005,2.2200000000000006,1.0,48.0,25.0
2.2200000000000006,1.12,1.0,48.0,26.0
1.8800000000000003,0.9600000000000002,1.0,48.0,28.0
2.1000000000000005,0.0,1.0,48.0,36.0
1.6000000000000003,6.440000000000001,1.0,49.0,0.0
6.440000000000001,4.910000000000001,1.0,49.0,1.0
4.910000000000001,0.7100000000000002,1.0,49.0,2.0
7.6800000000000015,5.250000000000001,1.0,49.0,4.0
5.250000000000001,6.150000000000001,1.0,49.0,5.0
6.150000000000001,0.0,1.0,49.0,6.0
5.440000000000001,0.0,1.0,49.0,8.0
5.550000000000001,0.0,1.0,49.0,10.0
7.210000000000002,0.6200000000000001,1.0,49.0,12.0
2.0500000000000003,0.0,1.0,49.0,15.0
6.250000000000001,0.0,1.0,49.0,19.0
5.750000000000001,3.750000000000001,1.0,49.0,22.0
3.750000000000001,0.0,1.0,49.0,23.0
4.110000000000001,4.770000000000001,1.0,49.0,25.0
4.770000000000001,5.630000000000001,1.0,49.0,26.0
5.630000000000001,4.2700000000000005,1.0,49.0,27.0
4.2700000000000005,4.710000000000001,1.0,49.0,28.0
4.710000000000001,0.0,1.0,49.0,29.0
1.9500000000000004,0.9000000000000001,1.0,49.0,37.0
2.6800000000000006,0.0,1.0,50.0,37.0
3.0200000000000005,2.9600000000000004,0.0,50.0,42.0
2.9600000000000004,0.0,1.0,50.0,43.0
1.9400000000000004,0.0,1.0,51.0,3.0
3.1000000000000005,0.0,1.0,51.0,15.0
5.210000000000001,5.500000000000001,1.0,51.0,30.0
5.500000000000001,0.0,1.0,51.0,31.0
7.150000000000001,0.0,1.0,51.0,34.0
5.580000000000001,0.7300000000000001,1.0,51.0,36.0
4.260000000000001,2.95,1.0,51.0,38.0
2.95,3.570000000000001,1.0,51.0,39.0
3.570000000000001,3.670000000000001,0.0,51.0,40.0
3.670000000000001,0.0,1.0,51.0,41.0
2.3300000000000005,0.0,1.0,51.0,47.0
2.4100000000000006,0.0,1.0,51.0,53.0
2.0400000000000005,5.450000000000001,1.0,51.0,57.0
5.450000000000001,0.0,1.0,51.0,58.0
3.580000000000001,3.1100000000000008,1.0,51.0,60.0
3.1100000000000008,1.6800000000000004,1.0,51.0,61.0
1.6800000000000004,4.670000000000001,1.0,51.0,62.0
4.670000000000001,5.990000000000001,1.0,51.0,63.0
5.990000000000001,0.0,1.0,51.0,64.0
3.630000000000001,1.0300000000000002,1.0,51.0,67.0
4.260000000000001,1.5100000000000002,1.0,51.0,69.0
2.3600000000000003,1.9300000000000004,1.0,51.0,72.0
1.9300000000000004,1.0300000000000002,1.0,51.0,73.0
2.7300000000000004,0.6800000000000002,1.0,51.0,75.0
5.790000000000001,4.23,1.0,51.0,78.0
4.23,2.5400000000000005,1.0,51.0,79.0
2.5400000000000005,5.520000000000001,1.0,51.0,80.0
5.520000000000001,3.6400000000000006,1.0,51.0,81.0
3.6400000000000006,2.74,1.0,51.0,82.0
2.74,0.8400000000000002,1.0,51.0,83.0
3.630000000000001,2.6800000000000006,1.0,51.0,85.0
2.6800000000000006,4.880000000000001,1.0,51.0,86.0
4.880000000000001,1.4900000000000002,1.0,51.0,87.0
1.4900000000000002,1.9700000000000002,1.0,51.0,88.0
1.9700000000000002,0.0,1.0,51.0,89.0
2.890000000000001,3.3400000000000007,1.0,51.0,93.0
3.3400000000000007,1.7600000000000002,1.0,51.0,94.0
1.7600000000000002,3.5100000000000007,1.0,51.0,95.0
3.5100000000000007,1.8600000000000003,1.0,51.0,96.0
1.8600000000000003,2.8500000000000005,1.0,51.0,97.0
2.8500000000000005,1.5000000000000002,1.0,51.0,98.0
1.5000000000000002,0.0,1.0,51.0,99.0
1.6600000000000004,0.0,1.0,51.0,101.0
1.8500000000000003,1.6400000000000003,0.0,51.0,105.0
1.6400000000000003,0.0,1.0,51.0,106.0
2.9300000000000006,1.4700000000000002,1.0,51.0,119.0
1.4700000000000002,0.0,1.0,51.0,120.0
1.9000000000000004,0.7000000000000002,1.0,51.0,122.0
2.9000000000000004,0.7800000000000001,1.0,51.0,124.0
3.4500000000000006,3.5800000000000005,0.0,51.0,126.0
3.5800000000000005,2.7200000000000006,1.0,51.0,127.0
2.7200000000000006,0.0,1.0,51.0,128.0
1.78,1.8200000000000007,0.0,51.0,131.0
1.8200000000000007,1.9000000000000004,0.0,51.0,132.0
1.9000000000000004,0.7800000000000001,1.0,51.0,133.0
1.6000000000000003,2.25,1.0,53.0,1.0
2.25,2.68,1.0,53.0,2.0
2.68,1.5800000000000003,1.0,53.0,3.0
2.4400000000000004,1.6800000000000004,1.0,53.0,5.0
2.7900000000000005,2.1900000000000004,1.0,53.0,10.0
2.1900000000000004,1.5000000000000004,1.0,53.0,11.0
1.6400000000000003,0.8200000000000002,1.0,53.0,17.0
2.3100000000000005,1.4800000000000004,1.0,53.0,21.0
2.7300000000000004,1.9500000000000004,1.0,53.0,23.0
1.9500000000000004,3.130000000000001,1.0,53.0,24.0
3.130000000000001,2.2300000000000004,1.0,53.0,25.0
2.2300000000000004,2.7900000000000005,1.0,53.0,26.0
2.7900000000000005,2.9400000000000004,0.0,53.0,27.0
2.9400000000000004,1.6200000000000003,1.0,53.0,28.0
2.2500000000000004,1.2600000000000002,1.0,53.0,33.0
